id_user_anon,id_listing_anon
3808edfe-6b3b-4317-b6eb-9ef0c894c0b2,14
c4579656-4a41-4080-99cf-dfef8fa3b350,12
78a46a22-c320-46f3-8810-34812a662896,9
d7ff71d6-dd54-4906-b9b8-1fbb475e874e,9
7ae6552f-d3a4-49b4-ba20-840cc52c1b02,9
c16399a8-4b9f-4d90-a13f-e83e33c069ef,6
f7c9f358-e8d4-428c-9e59-6f8d513b4754,6
80298e53-dea3-4ac9-89df-f92676aece98,6
267e6665-dc14-40e2-a7bd-68b13e6a589c,6
890660cf-18cd-4f5b-a90a-80059fe8d550,6
663dece9-0618-405c-a2bf-bef6005a40b1,6
dccab311-1848-40d2-a805-fd617c3fd72e,5
af691f3d-525e-497c-b9c5-8750b097b04d,5
29d96e88-5781-45ec-b146-55b00af7b373,5
779afbd3-b6bc-4030-869b-da3a3fff51d4,4
a68659bf-690c-4ea2-97ad-304cfb67cbc9,4
d5ccff5c-2846-4cfd-bd0d-eb11e6d2e9ce,4
00abd21b-2b3d-4278-9671-e80a224c21aa,4
8214c919-070e-469e-9317-7cb97c41624c,4
0f421664-0f8c-4a75-87a4-463f7c18b8bf,4
c8a6e64a-3895-4510-81c6-6d2340deff9b,3
93e0ded7-c705-41d6-abe7-99c46c4418e4,3
4dfb47e9-993e-4828-8fc9-ec77b9e04b95,3
10461f63-c5dd-4ae9-b2e5-a5f60a218049,3
89ca3c48-2690-4c75-a582-b80c71e6ccb7,3
36cd81ad-b894-49f2-9a48-d2b61b542751,3
6326c2c2-bae6-491d-9a34-087306f3b9d1,3
cdc49700-7cbc-4305-8e09-8a3ca6c8d65a,3
cb0b3033-1e14-43a3-8fab-1754f6df6167,3
71db7a8a-7df3-4c18-93a1-be098cef0f12,3
ac99fc57-59f8-4b45-9050-266da227403c,3
54ebe561-08d4-4f71-a597-82a0ca8b89ba,3
d33f1230-b936-467d-98e3-9d8fbf2105d9,3
d43e3640-400c-47ee-bd77-2bd65e4f8b1c,3
2437916f-1c90-4e3a-8e2f-6d9a7bb4c19e,3
d70a7ed1-fab5-422b-a513-30025a26721e,3
e124bbb0-92cd-4bcd-8ff8-353f86f15bfc,3
80cf7efb-d229-48ce-9884-57707d59b1cd,3
5afcdff8-a8f6-4c3d-babe-62c9656e9124,3
46edfc34-3365-47a6-aa03-d765ba58bdbb,3
7c70be42-89a6-4a3d-b7bd-205f87a152c1,3
c1b31ea4-e81a-49f6-95a6-d2e41061af37,3
3a0f4489-47dd-4897-852e-c1e7c7ca9fe4,3
b8ac30a9-8fc3-4edc-a0d8-542442857fd7,3
3e560f77-3d9a-4cd6-afff-d7872fcaf231,3
414159fb-985b-4c60-898d-a10dcf1034b8,3
b2b3a9cf-25c8-4d4c-a10b-88b8b96b8c98,3
5e42e8cd-2d98-40a5-9991-e7f577076693,2
5dfd0a53-af0b-4fa8-a3b4-cbcce8689282,2
db60ff56-afac-4962-8da3-daa1602fb509,2
2177e7c2-421b-4b4f-989f-6db2652da677,2
5aed9b58-985c-4746-8233-c76520b3ee92,2
59e486b6-c4a9-48b3-8f36-8eb3c69dfe7e,2
b78ce353-7bfb-40f6-b974-36909a9b4e64,2
dd6296e5-293d-4bd8-8e2b-f92be160b65f,2
9a614adb-2220-4ba4-aecc-898e49e842ee,2
23c21e49-9b26-4a26-93f8-a610a34404e2,2
d59f3cd2-6488-45c9-b8fc-835111470338,2
467862ed-6997-40c5-9f7d-0976bc67c975,2
24b86056-0c33-473a-8f52-fac2ad888611,2
b247f58b-f988-4cec-a104-ac996981632b,2
c25df5b8-c0d1-425e-a29c-f7a9f107a1f4,2
dd9f22ba-9ef0-433d-a6d4-f4cce46a1b4a,2
b776c32c-70c8-441a-8743-2733f0e5b3e4,2
24d8c60b-41ca-4277-93e9-6142b563e2b3,2
1bcdee01-9366-4848-a53a-92e73be47ecb,2
b2890508-409d-4e57-90c4-ac415810996d,2
914c0302-7a1c-4cf6-9095-a248932040b9,2
179768e0-0098-43fd-89b2-8c112ad9552b,2
16323b7c-5977-4e23-8ae7-5d0952564483,2
148eeb71-6a1c-41ab-8ba3-3448ee3a1d34,2
41f958fd-86c0-4c20-bcaf-2f132cd7628a,2
e8329076-1215-4e7c-85ae-5f3b44bb613c,2
148bd06a-5841-4757-80b8-c6f22facb776,2
b4fc0d8c-7731-4bf1-83b8-c731901182ff,2
8967971f-21aa-44e3-8206-3482ca4dd731,2
69f89b89-a411-4faa-b90f-37b49c872757,2
de38a972-2177-44d9-b1d1-da20e413f6f8,2
3c01e9fd-2f2c-4014-882a-563565ebf504,2
49d25ba9-c102-4e1a-b891-4f136b016441,2
bb98063e-418f-439a-b2ff-987490d34eaa,2
88fa12de-5050-4290-8dd6-9a7cae7529c3,2
2f8a2579-4744-41ff-b910-1d83d7d28eab,2
ca26bd0c-e55d-42c7-bf98-f15cb7abb6e6,2
be589598-460c-45e2-8f59-8c490ee61e48,2
3a0051ff-c882-42d8-97ed-51744c62306f,2
bed6906f-7360-4612-b0d9-45d6c2f8caa6,2
496afe51-e605-42e0-aafc-974f5ade7528,2
c8824ea6-19e7-4f8b-85a4-7385076fbfb4,2
4cf1ccc7-ce43-4165-8e49-986aee21a9b1,2
c73df115-e2ad-4e0c-b4fd-db7d2bfde591,2
a9ec1ebb-da9b-491f-962c-06c344cbbffa,2
aa02f354-5ace-41c9-9238-af529fdbfcfc,2
35384cb9-9b29-43c2-991c-d88f6eec8fd8,2
497ff49b-1958-431c-97b2-5a8a625fc8b2,2
c2e43505-aa6e-4c12-a9c4-2f99ffc8bca1,2
4f49dd57-f2f0-4953-9f90-10dfc862535a,2
3a20adf8-428e-44b9-a772-f1f7a3042520,2
2d26148b-0092-4cca-80e7-b804609f6d4c,2
27dd109e-f2d3-46ec-b65c-e55fe14d8ca6,2
54d754a0-330f-4372-ad9f-d25b9022b6f9,2
263977fd-e204-4ebd-8f21-dfe2764098d7,2
d23c05a9-5ed4-4747-9bc3-312c7bfb401a,2
bbd55948-96c6-4294-9d0c-7cabbd3908a8,2
54725dda-e618-4292-acff-a0c00a351ff5,2
d104b044-8191-46e8-9a00-7f25041d7095,2
bcdc1a49-0226-4f36-ae4f-97946b9b56f6,2
4fbc6781-735c-4063-a424-138b0885efce,2
27e66bdc-3a7d-4162-9df1-cbbcb8215944,2
52cde3da-6f46-49f1-9208-493e8a2c9bbb,2
29a03de8-0590-4102-b821-eedc431c7f5d,2
af91de62-5f2d-42da-a361-1df2396a2302,2
ce96e3a0-4910-4b75-abce-83f393bf7385,2
bdb84e87-ced4-4a17-b464-4dd8e889f848,2
cb4bbe27-732c-43b0-8ab3-002eed42e3c9,2
816a0180-c03d-406c-b1df-7e1f51011614,2
040f222f-077a-4bdf-b774-35f79ce57a37,2
07e8b032-de80-4017-b4ec-4cb973162ae0,2
edd911cf-9dba-445a-b23a-b943e77f30d3,2
84f26c4e-12e1-4b12-9e6d-fb68cf11992f,2
0794a503-508b-48e9-b8ed-a34c2036b0ef,2
741d2dfd-709d-4e26-951e-5102e0a15471,2
85734516-b70d-4510-9df2-f172a3e1cea1,2
77efb3ac-7d97-4ef4-af29-c7a3611c22aa,2
80fd6929-e963-4a8d-a2a4-38116206a528,2
0822ebbc-5938-44f6-99ef-6183566e949d,2
854c0f04-7e80-4e6b-be2b-5fce171592cd,2
8445806a-ec2d-4ae0-8b62-0bda09510b2e,2
f2ad0bfc-51de-45b9-bdcb-776dc7815a6c,2
fd76200e-22df-48ac-8490-993b52671236,2
8435ba25-8143-4084-ac21-395dd1bb5fd8,2
f5e51cf3-f8c4-41fb-bd9c-1a7e4dbc0343,2
7eb7e8b6-2f2f-416c-aa73-6fa8d1809ffe,2
08ac48b2-bdbb-431b-b222-04c0a0ed550e,2
fc80a4cc-f870-4e51-b45a-248715dcb012,2
7eda34a9-a686-4400-a710-47b9e42726ce,2
07102f9a-961a-4d58-9dcf-22ed26a9ce1c,2
7ac0be46-bd15-497e-a3ee-f966c6faddf8,2
fb65e228-f697-42d6-809b-a1325bf54401,2
f89b916d-20bd-4f9d-889c-ecb45f60d2ce,2
4de0c638-5cf0-4d05-b241-5da568ca4bb1,1
4dde8a23-0982-4956-8ddc-57de6c96cd30,1
4e82b339-7604-4289-9b88-67b81aef5d43,1
4e06806a-97a7-4449-84bf-efa434f00a23,1
74cbb317-8f7d-4692-ae08-3f2b0786dcb9,1
4e97d4ba-4672-40e6-a3c6-d94ab3e85a83,1
4ed3a878-bf05-46f8-8d8e-d395c0f83f5b,1
4ee4d93f-baaf-444a-b175-6c0fc74f21e5,1
4dc09867-3e99-4476-aea1-7d62e754e27a,1
6b9bb3f6-5593-4b7b-a5f4-847808b7db1b,1
4dbbe713-7859-4111-a23a-b8a7433e7161,1
4cc052d1-d4dd-455c-a9f3-152835f8b55c,1
4c3d4c48-600e-4253-82ac-743b5d015efd,1
758f8821-0955-4fa8-9e54-5ed47bea6d27,1
4c4c5d3f-1aee-427a-9d3b-0bbb783877a6,1
758c8542-ebe1-4089-a948-3de1f05601fa,1
4c68b5e7-59d0-4c70-a7da-e712971e8bb9,1
4ca924d0-ad41-46f3-bdec-ef5290e0748e,1
754a343a-57f0-4a23-8bfc-4661dad95977,1
4cbb0667-1b0d-4de3-b960-e9543f624626,1
4ccac792-1b5b-45ed-914e-e4eb5feacfd2,1
4d937d96-c99d-496b-a23b-e4f906361ba7,1
4ce68daf-8e2b-44e9-903f-2a9a5d65b591,1
74ea60ea-643e-4cca-8914-960f51bd44ab,1
4d0bcb8b-97cb-4e9d-ae3d-98ff36f8a1a7,1
4d364c1a-b20f-418d-b34e-9580b6e6e499,1
4ee69fb2-8920-4281-ba39-b63ec583e84d,1
4d7bf35d-ebdd-44c1-8393-55cd0360ebe6,1
74d19da3-2197-4db3-92e1-1ea921343039,1
4d8ec754-0d9c-42d4-90b0-b8303601274d,1
4d4f7c06-e522-439e-97a5-ef60c94a66c3,1
4f3d967a-01da-4b10-88c9-30e840dce7fa,1
746c5e63-a3fe-4854-af02-ee967e6a4ffb,1
73a75332-25de-40f7-9193-a35907d2855e,1
50d13be0-da93-475d-beb2-f4f652e47818,1
51198f75-7d2e-46c1-ace8-e73e27865705,1
514caa80-a9fe-4c97-a377-2d2faf857ddc,1
515e368c-f712-4264-8abc-11cd6d0ef130,1
51a8b157-80f4-4118-8796-bea7364613ba,1
741d211f-0551-4603-b53a-94342b7326b2,1
51ab3da8-d6c7-4586-8f59-b33af674bfc5,1
51d1d6a2-37d4-422f-b904-b9e544667f21,1
4f1bc8fb-bf02-4ccb-add8-253469ea7cda,1
739c4252-2b1f-450c-8369-615c47b10a72,1
520a37b5-7e08-4b88-aa78-f7f91bd41854,1
528819f1-78d7-4990-8135-60351e2c011d,1
52976708-b86a-43bc-85fc-087ce5601ea4,1
52b48397-18ae-4767-9917-cdf562edfdf7,1
52c31fd0-749f-4b36-adbe-2e4b569503b9,1
739224a2-e412-4102-8f83-7d86dd8ab01f,1
50ccdd8a-d0c7-479a-b73c-35bda031d54c,1
50cb130f-dffa-4ff6-b774-9abb354006b3,1
50c572ab-7876-4fbf-ae82-2ef7581ceaa9,1
506ca795-1a00-4389-bc92-d21a48c789a6,1
4f3b9dd8-a957-4354-b81a-af2192c7f104,1
4c1870a4-3856-43a7-accc-6793afbd6cd9,1
7467d59e-d0fc-4f42-9e69-0f86a91189f6,1
744b55e6-eafa-45f0-a462-b167f99a9176,1
4f8bc573-5a25-446b-ae68-ad84c0847047,1
4f9a103d-ea45-41b8-b70c-b9a5a66d6e8a,1
7428d0a9-5ffc-4ca4-865f-9191e92eaf36,1
4faf6e19-dd8a-45e2-ae12-b98693b5d70d,1
4fb4c1f5-4ef7-4411-9949-f48bf5b12d95,1
4fd78bdc-bb20-44a7-b10c-e94be0f50df4,1
4fd93a8b-a17a-485c-b207-e995c1d996d0,1
5000ce41-dd2f-40e9-b457-c09caf36b5e6,1
500c1399-e6a5-4a98-a7cb-f0fbba15592e,1
50309318-e4df-4c5f-8dc4-957f6ea39152,1
506a886e-10b2-4f07-93b4-0b715f69e491,1
4c36b659-9f5d-47ab-9ca4-d1ac57207475,1
4b243cb2-aaa7-41ae-941b-5f719266856a,1
4c0d3aa4-54d3-4943-9697-06ae0827cb03,1
47f8fb1c-8a49-463a-8ec2-5c78cb91e5d3,1
7924bd74-76f3-4bf1-a4b4-20e9459acc8f,1
4573b09a-c975-412e-8ad7-9e09e72c45f2,1
459a8c1e-d843-41b6-ab56-841e5dfdcbd9,1
790d2043-8137-47c0-9864-cb82f6818cb2,1
45af9869-12d1-4685-883e-c1352933f3ef,1
45d0d5eb-37a8-4c79-8967-bbd6e4e0da46,1
45db3078-9274-4336-bd94-99805ff729eb,1
45fc3812-adb0-4123-b27a-2c3dc364628a,1
46607d51-2ce5-49d0-b741-2a7a6b798258,1
46685502-d1ec-44a7-aeaf-db146d1e2e66,1
78f7ef2d-c55b-4b46-9196-9d3f93e906a0,1
47759719-238f-4e87-8955-8f7b53807021,1
78de0b80-51c6-4936-b75a-291d34a24dd3,1
78af447c-ed03-4876-8283-0febc5f6d987,1
477e684a-1457-4862-9e80-65a7fbb724d0,1
4796c8b7-60b1-49a5-8368-cdb73f0f6d02,1
47a902e9-acf1-4e32-a6b7-ba4b1b02b3dd,1
4563a2d7-5588-4a4e-87dc-7a878238ab68,1
45505dfb-b3eb-4a55-a897-290d505901d5,1
792ba128-6a45-46ec-8bfe-107d837078a3,1
4427a4cc-39e0-4f10-8a44-54ee4d9a61e1,1
7b047a0a-09ca-4389-94a6-84d4b1734322,1
4316a5d8-ecb1-47df-8537-cc76aa424245,1
4378d218-d2ec-4259-bd1f-6fab204dc6af,1
43d0cd14-efb2-4030-893b-9cc0f08710f7,1
4403d5b6-6114-4518-a32f-0debde317097,1
440c324e-14e3-4a0e-a3ce-4eacd9d21f0c,1
7a8a8fa4-5a83-460a-83b9-61f7f9324891,1
442a9be2-f90e-4650-afbf-1e48d1ff2f23,1
79a765e6-3b9c-4701-83ca-39db6a692113,1
446bc690-e3ac-48f3-8f9f-19456fd6ac4f,1
7a3dd6a2-8b37-415c-8c40-3c6344e7fc2f,1
44b6d291-6676-4ec1-a979-e156caee9360,1
44bf021b-781f-4199-90e6-8f0e7ca5df05,1
44c1e373-2757-474f-8da2-69518dc798a5,1
44dc1a2c-2c12-4251-a222-660c864a06e4,1
79de718d-d721-441f-a734-22b69ccc292d,1
47b6fd6c-fd68-4f15-8ce8-a1a553eb7240,1
4811a022-83ba-423a-911d-03f9d0d959e9,1
4bc9564a-386c-4587-a857-3633d55e3d1a,1
77cdd333-ac86-4cc2-b7a3-3727e6db14c7,1
49abbb6f-9ea7-4709-9380-20c6f3fb36f8,1
49c571db-8114-417b-8328-999b224c7689,1
76a04fb2-fe9c-4894-94d6-5e2b1c120506,1
7641f760-00d2-45e3-84a6-ee5c1a09b52c,1
49d308e5-d3ed-41eb-8dfe-639c4a1ec601,1
762b6b10-15a0-4849-91d1-62a4748656e6,1
49fce1cd-84a2-493a-b17e-d52e1b56532a,1
4a594620-d267-4103-a2ad-fc118f4492ef,1
4a7b7216-b433-44d4-8db3-57e7be8ad2f0,1
4a8c02b4-9ac8-4bdf-909e-553a2d36d5bb,1
4ace6eba-dcf2-4d18-a562-4e907cfb391d,1
4ad10310-5591-4b60-b3c5-8ead307d7be6,1
75cc2a4d-bb1d-48dc-ba07-86a84cf72ab6,1
4b03ae18-30f3-4c32-b535-65c5b4b0d44c,1
52f0684d-8a4a-4077-a054-ac372682c7a5,1
4b26c31b-393f-4b1a-85e4-dbdfef581df3,1
4b36a288-c164-4573-8fe6-91fc8a4508b0,1
49a3bde7-0e28-40a8-8b27-976d7c4a7930,1
76a0aa8f-fa15-42c2-ab13-887923e00b81,1
76a5dd8c-7bd0-489f-bf9a-a409c9027baa,1
485a7ba1-4a93-4486-b23c-3978073681e3,1
4851dada-5da0-4f60-bccc-e108700e3a34,1
779f08ef-2075-46e1-976a-99ddc39ef838,1
485399d2-9d8b-42d6-8809-deb026af8a7d,1
777855a6-e644-4230-be38-9313e8505aa2,1
77449fc7-69aa-43e7-9e46-2bee3182cc67,1
4857ad9f-f47c-482a-97a3-17eeb5d6ce41,1
773bf49e-6c40-4e8f-8aef-d1d3988bff36,1
489adc84-79de-4996-897d-559107e7b6ce,1
76a6aa82-30dc-4ce1-8ebf-800e621c573f,1
48ca4f52-6507-4469-bf81-fe00d2ffdb2b,1
48dcbf47-68af-4f47-886b-af91c1dc1b3e,1
48f1dfca-dec9-4ac0-95d3-b7b099951c35,1
4943bcc9-7687-46b0-bf3a-74fa7b4c7fd7,1
49682b59-d4d0-4592-a07f-2bc5cddf18ba,1
77377d01-8631-4db4-952c-e831262109e8,1
76b32d78-784c-49be-9283-91556a8d28d4,1
52dd2ee1-5124-460f-b1e8-08b1fdaf4d0f,1
53a37a62-f391-4e77-8b41-1783cdf77488,1
726bf767-3f38-4241-bb6e-bc5a64c047b7,1
6d2caedb-b97e-4f5d-b774-6347ff22053e,1
6d317706-2a59-4170-aa6c-768255c9a6f4,1
62b35fed-5994-4ea9-bcab-08080e305b06,1
62f2eb12-9d0c-4544-9590-221cd561d815,1
62f972f5-2881-4274-b605-53a0dcc03ba1,1
62fe9f21-8e5d-4973-bf2c-1ab55cb2729f,1
630c5f32-095d-49db-bad2-6cd27b24d27d,1
630fedd1-70f3-4ff7-92f3-e7a7efa61ec4,1
63103817-dcec-41e8-af78-4c91ac5583fb,1
639c3bbd-d125-4e8d-ae6a-b7994bf037b1,1
7194df15-a23c-4398-ad68-94df9c70da87,1
63a63008-be2c-48df-b894-0c04a21f121e,1
63d5d1d9-4743-4b4d-b5d5-27a52b1b3a57,1
64052f18-b453-4618-ad04-e6254475ff83,1
6422c503-30bc-4c83-a200-a4849ad9e082,1
6d28efc4-4464-4f9b-b2c9-f48206bcd2e5,1
649a4e3f-7647-4013-ae38-81068c603951,1
64c0b401-3604-49e1-94b0-5dba7f7ff724,1
64dfb14c-86c4-4056-98b4-7cb8abe843d5,1
629f19a9-109c-4586-928f-5840071f8f9c,1
6295160b-cb70-4fb1-affa-fafe1934e221,1
624f6714-a470-491c-8198-86eb3c6a4199,1
6d483c65-2d52-4fb1-b945-1fe4b220e1f0,1
5f179f0f-077d-4ee1-9601-990e95b7ada8,1
6ef9c20c-fc92-434d-b501-ce68d43f760e,1
5f3e7993-eb46-46d0-9b6d-4256b5fa114c,1
5f60d810-6300-4be9-acf3-7e2099b9537c,1
5fed7f30-3c99-4b33-bd49-25d5145e737b,1
6ee9edb1-140a-4e82-af6d-c53ca64ae344,1
6e982840-fda0-4723-a66e-b119c2b8d07d,1
60023dd6-d922-428a-b9d1-3319e2592bbd,1
6e200bcb-d48f-426f-a186-ba5b21e439f4,1
601e9bac-d78a-4ff1-9a13-ef62ce222a5d,1
611bc722-c871-4cf8-be9d-e26a63b754a7,1
611d7831-72c0-4892-8556-bf5a6f35e02c,1
617d29da-79ca-49b3-8878-8440ba3fda2e,1
618fc839-0bd6-4ff6-9c08-7347a9f5e067,1
62172cb2-e6ce-4009-8636-2d945ddc5adc,1
621c60c1-4ce3-4725-a3fd-1f4cc189366e,1
62281be7-51bc-43e7-8acb-d7c7d3fc9d79,1
64e94aca-04af-440b-8a65-e1f22d6d1ac5,1
6522fac2-8791-42a2-ae55-1c41bd6cec60,1
6532767a-40b7-41ae-9cd6-305d6d55380d,1
67f7a119-1aae-478b-a178-b9202154b677,1
68275560-6c32-48ab-a854-b055a8ef9e13,1
68611db6-efd5-4d01-8453-1c6554695563,1
6862ae73-e23d-4b48-b8d0-affd2d167534,1
68de1fc0-3364-4aa5-976b-616f43b3ee6e,1
68e1235e-3be4-4dc8-a3b9-6badaa5dbcff,1
6923b084-b981-4fa3-a78e-560cda299780,1
69423b90-378d-4a3f-ba06-536d3d26738c,1
6c0c481b-889d-4e76-b6b5-512fccd66a1f,1
69440057-a896-416e-9927-ee3bd479b41b,1
69517dbc-3484-4ce3-85f8-37905a5c4149,1
69654baa-844d-4133-9910-0d741bf11cb4,1
69d6ac7b-ca33-4116-ba03-96b968c07c75,1
6c018f57-7016-4231-934e-104d5be59ba5,1
6baf55ed-898f-44d9-a389-3114efe7c0f1,1
6aaac1c3-e4bb-4228-a486-4ada43b0a2fc,1
6ab59bac-fed1-4d1c-aac7-8436a5288c47,1
6ae1d0f3-9d4a-4db6-b57a-cc570b52d2c8,1
68222ba7-7f08-466b-bf61-acbbb632aff1,1
67cf6f3a-e0e3-4e4a-aa81-b12ee34d80fb,1
65520a71-bf4e-4a06-b722-aa0d61174323,1
678126b3-86dd-4006-b912-53b1c7b67584,1
657b10a6-61e8-4886-af27-7a4b32866012,1
657f76e5-1fc3-4301-bf89-f7464fcabd81,1
6586acbf-cf7f-4827-9aed-23a243e60531,1
6598609f-59af-4201-9406-41e968493e50,1
6cbcdc44-4a45-4b78-a603-9a45c0b96a7e,1
65c9b831-b70d-4425-af9d-f64b84deb468,1
65cc55d1-1a6a-4f67-805e-ec30629eaa28,1
65ea4970-fe83-4a68-a8dd-690c8f5ef5b4,1
6c261327-7772-4692-91c4-ee1cf101fc0e,1
666a39ab-a6d6-41ca-8944-5374bff42f32,1
66839230-c9d4-44fd-97fd-366aa3a5f518,1
66bbc81e-6c5e-459c-9d5c-d1ea929bbf3e,1
66ec67c4-20c5-4ff6-8d50-d2d86e767a16,1
6733a1d9-d485-4ea7-b8d2-883ee8a363b9,1
6c175f2e-411c-4384-ba4b-f02a60193597,1
6c10c751-d6e0-4dad-9244-9eef6d694d67,1
673baac2-d964-402a-ad03-d9cce2c808f1,1
5ec857ec-c9b5-4b58-b423-1aeb74b8ec22,1
6f192362-cebd-45dd-9316-f2b85c733cd8,1
5eaad1fa-debf-46de-92ab-32c6a1dcb074,1
55f7dc22-2435-400a-a9ad-d9b7bf20efd2,1
56115275-e665-4924-a765-54dca105a321,1
71060aa6-872f-4443-be66-52b279080b4d,1
70d3f1ef-2803-4670-86b0-f4e5581d0639,1
5614532c-300c-45fc-bcf7-a5d099148456,1
56280372-e049-4fd8-96c6-56b07b9cc410,1
5659cfdc-ecae-4f75-8161-228c51daee9d,1
568f4e86-07a7-4193-b65a-6be830d281e7,1
70b74a3f-d6f6-4696-9fa1-08fe79b5f9a8,1
56adf4c5-f79f-4a3c-b688-d2b4f3f41274,1
56be4a3b-d419-4854-be54-bf0f4563d42f,1
56feb0be-f926-4b4f-9208-866db350dcd1,1
57147ff4-5934-4dca-8b35-d36e1072f942,1
7096c305-a8ec-4683-9dde-4ffe9476ce9d,1
7092841f-52f8-4331-9b00-827564bd0e5e,1
573969bd-08e0-4de4-b52b-4f04f4bd17e1,1
576634fc-a2e7-4050-a6bf-1cb0df7da45d,1
7055e7e0-3265-418e-9d2d-221c9d605961,1
560d8fcf-f379-46b9-8d58-4d186c95a4a1,1
55e3a036-8eb3-4507-b7eb-1a689b18edc1,1
580c3cbf-1b98-42f5-8c03-6b0a7d6f8d04,1
55c4f03e-7588-4dac-8766-d55394813f33,1
531d28ad-0e6e-4689-9259-1b7addaf716e,1
6b194b5e-b193-4f29-94f4-930a9c1ac182,1
53ddcff6-7cdf-4bf2-b25c-0c5d6273c294,1
71938e92-e843-4cb2-83eb-9b40d831d30c,1
53fc64d4-e739-4228-b677-41a8f3c6c70f,1
542aa0e6-c718-453d-bf62-cab911c12fd9,1
545460dc-94c3-4499-b81a-4dd17cde6c9e,1
54b0ff82-f233-41da-a6b4-d5ef0e5045fa,1
718e6e5e-0d21-499b-ae8b-628ddb391701,1
54c3d460-7f21-49cf-a6ad-ceaf8c8b3bf3,1
7168742b-667a-4d54-963c-3f628bfc2537,1
54ccd2fe-0ba7-44c3-ba11-2245e3098947,1
71224843-fabe-4e2b-8e38-bc58537a8d6e,1
7112c81e-475d-410b-b582-e754fbca57c6,1
5593520f-bf62-49b9-91ef-094ce0603720,1
55adfe19-8939-4736-ad9f-f88e9fa57bc7,1
55b752ec-7926-405e-8d8e-c93c26e219bf,1
57b845c2-948a-4f49-8cad-6738e672761e,1
58473abf-a567-41a5-a18d-eca5c46dffa8,1
6f3fbbab-fddd-4a8a-9776-40e5dd07709a,1
5be3f7d5-6ebe-4666-87bd-78a49ecd7295,1
5bf0afc2-fb04-4366-95b6-686eeac2f73f,1
5c141199-0fb7-42c0-bb46-4e47bc78a5ad,1
5c1cf96a-035f-4190-8dd6-b70321c9bb96,1
5c7c31ac-3c67-4ec1-b65c-c049448e551f,1
5cc3f09e-16f8-4c78-bcb7-aa3437602acc,1
6f9f653d-cf53-47cd-91b2-c0e44b01c123,1
5cf7889d-dc96-4267-ad84-05e4512485ad,1
5d10d780-15fc-450c-b10a-cef33406eb54,1
5d2afcae-f9f8-48d8-9fea-ccabe1aafe5f,1
5d38d4af-813e-428f-a6fb-ed8071ccc63d,1
5d9957dd-fc92-4a04-ae77-1a4e5a16a386,1
5df4adac-0fae-4d4d-9a92-23704de6677a,1
6f911936-d410-4bf1-8f19-0185b5ea8f50,1
5e1deadd-8e67-4487-8480-1212cadd28ac,1
5e317bc8-130d-43ba-95b3-9b5d90a56726,1
6f865e63-d0ce-47d4-960f-c1704b1efc52,1
5e833f31-4cc2-4dc8-ad82-042096015eb9,1
5bed6056-21aa-4907-b343-711c559cb3b7,1
5baa8b33-03de-42c9-bb6f-47a39911523e,1
585c581a-56c7-4662-a0bb-fe78c08ac876,1
7000db28-d0c4-46ca-b35d-0620d4641586,1
58fd7055-9a57-4e92-a88b-588c187b8a95,1
593816bb-d423-4516-8078-b13dd7902c0b,1
59613846-708f-43e9-b8c8-bc7a9ee312ae,1
59b1dc7f-f377-4b54-b737-9b031c1c12bc,1
704cb73b-4656-4cc9-825c-b2fa904bac55,1
59b2166d-da06-4b06-996f-b1b004308548,1
5a054119-5979-46df-a0cb-bb536cb830ee,1
702d2cd7-b9ff-4ad5-adb0-a553589fb5d1,1
5a127f68-2e8b-4e9f-a427-0e3ab7dfb364,1
5a634c64-022a-455c-ac83-624553d3206c,1
7021b5e8-736a-47c9-b8de-f64a5b18f499,1
42959f24-72d2-422b-b05c-e49999b5fef6,1
5afdd470-f6be-47ff-af8b-2f56dee511b1,1
5b294fc7-5939-4edd-b170-76fa60b559cb,1
5b3b00ae-6568-45b5-b037-ca268974a498,1
5b44c619-95e5-4052-9074-139f87849d1d,1
5ba784b6-d9c2-4e60-82ef-3166791517e2,1
4315b634-4b5d-493e-9d4f-3ec648f965fa,1
3b8485b4-4788-4166-a2b1-a253b33f3b54,1
42091b51-8b54-427b-aae1-71f599e1457f,1
15ce3eaf-9861-4ea1-976a-7af636d743de,1
13ac85e9-8360-4036-b3e9-d01ad36fe3d1,1
1427d1ab-58cd-416c-aa5c-3b2aed1c4540,1
145afb51-699a-4ebc-982b-92389b2c9776,1
1493248d-ac8d-4a5b-b59c-a459a50b7e68,1
14b9b3a1-52d8-40c9-9a44-7d8abcd6618d,1
14c32667-face-402c-aa6c-79e7c60c7cc3,1
14ce0169-848e-43b3-9fce-e4c2465fb213,1
14e5ec22-d06e-47d2-a98a-c79d48ad3d22,1
15afe639-c1d3-49c8-a751-910b95b69dda,1
15d1878b-a8fc-4f4a-83cf-3c1bad7f4838,1
131b2056-e3c7-4d40-a89f-34a06645e969,1
15e159c2-016e-4cb5-968c-0411059b9585,1
1634426e-ff97-4d8f-b4b4-cbf42c50d9db,1
164500ab-d187-40ef-950c-7be7ea361de6,1
16668a97-c267-4503-98fa-b9145876dc1d,1
1689e77e-5bbc-430f-8a4e-174aca92c2e6,1
16b5b5ac-58e3-4a5a-900d-32db99ed6d2c,1
16b987b8-2c73-444e-9189-1c94df28fa06,1
16d283b5-9881-4b3b-81b1-56568a64fde6,1
16d2b850-1085-4b5a-9695-c96301530aad,1
13502c6a-1bdf-40c7-84c4-0b0896ae62b5,1
12edaa43-314e-45bb-b26b-217dd835df24,1
20839716-509c-43ae-a6ae-2eec44e1e124,1
1213f853-0789-42e5-b639-0b0ff28b263b,1
111d2181-6d71-494f-98ae-823d2bca9596,1
11733532-fa74-423c-987b-9b63f3574ad6,1
1183c45f-475e-4b30-a3e5-59b0a6ba983c,1
1194526b-556c-4324-a27f-94fcb612d37a,1
11981633-c0ef-4b2c-9e97-0f39828ad2e0,1
11997368-78a8-4ee7-83a9-66aa88e86ecb,1
11bec29b-b2d4-4ffc-8b7b-695f570d3540,1
11bf2adc-44bb-4f26-82ff-8263a2d96ba7,1
12024449-11f1-453e-ab5c-846b230685bb,1
1244dd6d-b91c-4c1e-891d-1f4655dd1242,1
12e52587-ee93-4377-8985-a2839717105e,1
12595f1f-1ec0-4ccf-8fa5-b4f58b0bc118,1
125ed9f6-fdba-455e-872d-27cc26ba2b91,1
1277ffa9-2956-4124-93b2-cb79576a82c4,1
12809b73-e492-4d6d-9c14-ef5ac4306e77,1
12866eeb-2e9a-4953-8c63-cb12b418fed8,1
1286a0b6-9d24-433e-94c9-ba14a604d4a8,1
12910db9-719b-4101-bcd6-07d1ec51d7e4,1
12946205-e252-40f8-9327-c0711dbcfed9,1
12df7f23-cf02-447d-8f99-c714f2d04f34,1
17031da1-5a97-49f9-9cc5-11f9f8bc1a9a,1
177179dd-f77b-4833-a7aa-45220e72f36a,1
17950c3d-b23c-4c0c-86e4-8ed2e9671081,1
1dba1b6c-cb61-4750-9494-f97911c540b1,1
1b9b09e5-f27a-43f0-8663-3a2371306254,1
1bf44fc4-9612-4178-b844-874c5019b843,1
1c163008-5806-4e52-aa1e-177c63a9ab0c,1
1c76dbbb-82db-4611-831e-136a192b22f5,1
1cbd319f-9a75-4c41-9e56-17ee54281c8c,1
1cdee3ae-9331-4995-be7a-5272415ad971,1
1cdf3f8c-6eec-4776-bb5f-f634001f2f17,1
1d00f1f8-6f9c-44b0-b5c6-4c213b0e608e,1
1d6eff37-5082-45f8-b2f8-42ebfd0fe691,1
1e9a8842-673b-4211-a8b3-df49c994cea7,1
18535b8e-5dee-4e61-9f2c-99a9d58e5b71,1
1ea2c81c-cac6-449e-b98a-94aa07c33902,1
1ea5735f-fd1a-41e1-ad94-59c3ecadbeef,1
1ecaa04f-3886-4a15-a318-8778319353fb,1
1ee6a218-3601-44a6-822e-c005f7cb67c8,1
1f567832-536d-4149-937f-a4287d4ef691,1
1f5cc96a-3d8b-4942-ab06-72cdeab56a35,1
1fb85f35-76ad-4b94-8212-174f11c5c34d,1
200fe411-7b79-4cb6-a352-d86f2b29ce5c,1
203aa2eb-2ed1-4dfa-bb15-f23e54c53673,1
1b670c2c-38f7-475f-ae34-49658095ea41,1
1b5d7c36-281b-4acb-aeb0-6fab43ab95fa,1
1b5669ca-da65-4800-8aff-a84bb0a57ba3,1
1b50e907-5116-493a-b269-9465ff350b04,1
1880c5b1-2a23-4d94-ad5a-b71c6c938c3b,1
1890ebcf-b137-46df-91cf-d870e745f2de,1
18941d36-0efe-4873-8c47-0b23ff78755b,1
189a1de3-dc69-44b2-a8b8-d6a65ed1a0bb,1
18ae6aa0-27ef-449e-bb40-7c71c569a26f,1
18ced721-321e-4d85-b67b-d2016fb2806f,1
19238a8a-e495-41ae-b804-d33e20c9d07b,1
196bd095-1246-4782-964f-709bd49a9af9,1
19762dcc-5395-4119-8022-1e8782e73011,1
19775140-1bf0-41a6-b1a1-95c918d6b203,1
1a10e73c-2039-4865-a931-1db1cdb141ce,1
1a654543-beb7-4822-80eb-25e6af9dd862,1
1a72db25-6d7f-4aad-9577-d5e6b022d4c1,1
1a7503a6-559c-4723-9f9e-c4e0e0024f15,1
1a7c4459-5a9c-4aef-881a-5f4347cd5d35,1
1ac43ace-02ba-4c4d-852c-b54da4185618,1
1ad5c439-1edb-478a-8093-155701df9996,1
1b13fa75-a2b9-47bb-8e79-1e2b9f0b69d1,1
1b428435-3ba5-4e0c-89fd-a43713ca389a,1
10da4c16-44c8-468c-923c-3e85c005f228,1
109de443-ebba-42b5-8503-f7c65e7bfb59,1
109dc408-879f-476e-a9aa-cb6fec4a0158,1
06a6c2c0-8480-41d9-8609-cb31a54a655a,1
0441d46a-fbf7-461a-9b7c-e526996510cc,1
0497bbd9-38f3-4e6c-ab07-257721081ee4,1
049a221a-299e-4695-8691-0f9887a41d1f,1
04aa6dec-69fb-4bc6-bcad-2913bcb5a50a,1
04b201ee-bc56-423f-9244-bc51532205ca,1
053c4455-2f4e-4375-96ea-d5a520bc93a6,1
056aa493-49a2-48e1-9860-2b0cca04a2df,1
056ec9c2-f43e-4285-98f9-fe815e695d94,1
06700add-96ce-419b-8f4e-1538a69afb5d,1
06af817a-388e-4f77-8cf5-33e35dad4b8a,1
09113e39-3059-40f5-9dc1-2e6071856322,1
06e8285b-36ea-482d-98e7-b876f6386f29,1
06fb9a94-0c97-4bd2-b73a-5cf4dd09404b,1
0737e5d0-76fa-4131-a6fa-40f2ecbaf1b5,1
0757caa1-367a-4ad9-800e-f1b6a4b237b7,1
075af287-9c6a-463b-9185-8031c5dbe077,1
078268e6-6974-4a11-b3c7-d27a05a1b994,1
07b26006-2410-45eb-9432-ddbbdc8a5cc9,1
07de0bce-d1f3-4744-a47f-9329bf0ac965,1
08278311-7063-4730-a39e-8ed055994876,1
04293014-4de1-4261-8791-52fff0c2ed38,1
041ba2ec-fa6b-4348-a116-7e2b9bf17886,1
03fa8bd9-bbf0-4cc7-8ca8-5911d82419ca,1
03fa71f3-3d4f-4d68-9175-1ad4f27de364,1
001d90dd-4010-483e-8924-0f8953b46f54,1
0057d9e3-3c47-4ff2-9e76-260a79a870cf,1
007890ec-bf95-48c9-9d77-0352a3240cea,1
007f29b2-33a1-4f8a-9538-9c6c76569433,1
00b4acba-8671-42a9-864f-9dbe838a0d92,1
00df79f3-56fa-4043-b1da-5b66d4bb0b71,1
01594ce7-5f67-4e34-8793-7dee0b930686,1
016a60e2-0fc1-4c58-b1d4-f44915ded98d,1
0177f4c2-6f19-46a7-a5b4-9ee413932325,1
0206b11a-6d5f-4ccb-9ed5-79513bf69bc5,1
0293f483-4e1d-47ee-a245-b4bba255f209,1
029467cc-12da-4430-ae12-e0ef02a210d3,1
0313acd1-5941-42d4-9395-22234125972d,1
03212079-42ce-45ba-8288-929417180dca,1
03231f4e-20f1-4c33-9ed9-c7d3c3474ffa,1
036be902-0090-4738-9c8e-cf7e178a3afd,1
0386bd42-d085-442c-9f88-cdf0af076933,1
03a4f8da-83f2-46e0-8159-1935b7c85fbb,1
03e8f8f7-4685-4160-aa5c-c6ca5b8c6c1b,1
084d50dd-2078-41a7-bb10-0a92b5fd120d,1
0924d3b4-7f20-4894-941a-02260b636b8f,1
1001053d-3353-41ec-8e32-401d13fe7868,1
0dddbe13-89c6-4e8d-9d1e-47c247a1ed99,1
0c78fb66-5017-4aeb-8288-759e24011bb8,1
0c9d8b3b-efff-4cc0-a64f-3e2c1ba8d882,1
0ce7ed46-3498-4f93-bb0c-2922f4463398,1
0d26f77a-8c8a-40b5-8e77-a9e6e75e8326,1
0d4bb91d-17c6-4b6f-b528-e789e12f7620,1
0d6f4abf-b732-4224-9040-6dc918634159,1
0d8d91f1-cbc1-42a3-9c70-d96f3a1e9a8c,1
0d951c6a-ed52-4631-9536-f6db44dd41de,1
0dc61443-9fcc-4c30-ab65-0ebd27cf8c16,1
0e576307-0d6d-44f4-a8ab-60d9ce242f9d,1
0937f3c5-4de1-489a-b46d-ed0a2d038d0e,1
0e82d44e-db3d-431d-a629-6644fd8d0983,1
0e851e8a-4a99-4008-a3ef-c5468a9e0456,1
0e9abe66-c049-49e6-87b4-3163ce5dddbf,1
0efab255-fd1e-471c-b5bb-52d51089bf2c,1
0f13175e-98d2-4c9f-a219-feb0631efab9,1
0f6281e4-aabd-412d-8a92-f0a791ac91ec,1
0f8f02d0-49f6-4915-b559-1f267571a3ef,1
0fc722d6-f8d3-4de8-9ac3-05c9eae9c37d,1
0febe5b2-7f5d-4bcc-abcf-10fa0fba4f98,1
0c64f502-d3e0-455a-9572-672360352426,1
0c527ea9-995f-4f30-afbc-e287f4c0372a,1
0c527775-4e68-47a6-bbda-26b4974b4cc3,1
0c4370b3-37cd-4c86-b6b3-e1af7a631a34,1
09525bdd-1b73-4cfa-9080-ec0a97cd1ee4,1
0961585d-cead-4220-82f0-e0b52c9e3e21,1
09dd46c7-e001-4974-98a3-5b6a64e4bf9a,1
0a13fba5-a4a5-46c7-9258-7e3de35a0c55,1
0a2644b2-d70e-4110-826c-e62fd42825ed,1
0a2ab8f8-7930-42a0-aa0a-3ae948e1d2dd,1
0a2bc1f0-7749-4203-9d67-150e2c9653de,1
0a2c1fdf-72c0-470f-ac7e-f7422b1f6a6f,1
0a6c634d-e54e-413e-bd1f-9e1c76e01001,1
0ae63c20-f789-4250-ac34-c7e23e82d4f3,1
0ae7cd66-9727-4d72-b394-15f4db1679dc,1
0b404f13-1fae-4805-b693-95558ca85f3f,1
0b5e4a37-89aa-4bf1-b706-146d8c3fa5ad,1
0b82438a-c3fd-4828-ad11-41323c68addc,1
0b8628ee-860a-4535-9b08-e00d7920026c,1
0b89cf02-5cab-418c-8621-2a2552059448,1
0bb8f63c-cfa0-4b4e-a3ec-37b19ed389ee,1
0be4ceb5-b7ee-4ba9-b90a-ccb3a9ff7b6a,1
0c234dda-3633-4597-bd71-077d3a3ab6e8,1
2040635c-0663-4072-bbcd-d5bd6512120a,1
20b8e7c0-b601-4822-a90e-da12079af639,1
41e7ea09-669f-4a76-895a-f7df3246df0c,1
362580a2-6ccc-4067-a877-e6730dde1809,1
34df6f15-e57b-495a-b4a2-5772d254828f,1
34e4f5d3-4b44-47e5-a64d-6dfab3bbeab3,1
34e758bc-1a63-4719-a76a-4b0ba65e311c,1
352a5402-641b-4260-a99e-d23da66feb78,1
355695e4-3d98-4736-99b3-98f77d1d96d4,1
35b7168e-b3f0-4a24-a21e-31e9486646e0,1
35be6b1c-ff30-48cc-b17f-fbb764f469ec,1
35d932c0-cce7-4f36-8c39-1634eba52298,1
3604899a-d593-425f-9ab6-ed2f0c5390d0,1
368456f9-3006-4aab-b30a-bd0676818b1c,1
3454767a-d9a7-4339-85a3-acd803c1c80b,1
36a2d2ad-fdb1-4a62-a630-46358224aef3,1
36a98248-a691-40ce-bb46-802b39109fd3,1
36d1c3a3-f45f-438f-9e53-99c51065fd89,1
36e70195-8dc6-4632-b5a9-6ac2868ac639,1
37428372-2bc9-478a-8808-f1693cca40b5,1
37640b64-5751-4d37-a9ec-3eb1d0509c81,1
37733241-4811-4c23-8e08-7294f38c3911,1
37b4791d-2a7d-45b2-8bf6-fdf9e7c71e77,1
37c61605-fc2b-40d1-b47d-819156c8dfd8,1
347fa45c-6e3f-4ad4-8845-c5199e1be6b8,1
344fd07b-426c-4c73-bca8-3a225e8c29a2,1
20ded257-2d22-4a5b-8155-72ab25ed31ca,1
31887957-d9a5-4d53-a527-70f938cb5527,1
2f9e1f70-1326-4687-a430-bb9eead99f12,1
2fddff86-db73-40aa-9918-e00fd9abd6e2,1
3015d486-92de-4198-8937-a5bdf11f9908,1
30595706-0e7d-4958-a2cb-e64729f06c01,1
30904feb-81a3-4434-a3ec-d1e0d1c40679,1
30b0b03d-da0a-4a02-9ea7-04483e16f8a1,1
30c7b9ff-ad36-42d2-b1cf-64b9c7a7a3cd,1
30ebde90-efa0-4768-af77-1b8b774968d0,1
316a936e-8098-4d95-9855-492a192cf04f,1
31bb2354-6f3b-44df-82b0-810cba1666c6,1
3431b236-f704-4341-82c1-53b56501cc35,1
31ed0713-a4c7-48c6-9524-ec550cb8df03,1
321daffb-df0c-4ca8-a156-51e2a28ed673,1
32268ea8-2bad-4e87-b79a-1b8d1cd48978,1
3272a6a8-7ed6-4b64-9812-a12374661a00,1
32a09ff8-ff47-4d02-b5b6-024aef586e43,1
334e0e28-8deb-405a-a0ac-a7e18023ada5,1
33a3b017-268b-4346-b6c8-955416ed3f80,1
33bb597d-a4c3-440f-89e3-83741005ddfb,1
3425664c-8bc7-4964-8ee8-36bee7fcb4cd,1
37f0f3a8-eb9a-4212-bb62-8e1e85753b68,1
37fc66bc-cbeb-4a74-8169-d5d7453e8d5c,1
381223ab-f7bb-48f4-94ce-265bc30d2247,1
3f668afb-7ea2-4857-85ff-0afebdc76ba1,1
3e0751d3-dcc7-490e-8cd2-306c7e3b6218,1
3e14545a-113e-4040-b07a-cef6242468e9,1
3e513b16-ba76-488e-89ad-1fdc184a5e88,1
3e515473-131b-440e-9506-92def1f5078f,1
3eb13b31-f6d6-42b7-9549-3f8cf41d96f9,1
3f015eda-125c-49ad-89f9-3766a5c50d39,1
3f2a188f-bc00-4dc6-8b2d-3f758ceeddb5,1
3f356382-da87-43ba-b406-71123c2b2ed8,1
3f388cbc-04c2-4761-87da-f7a2f36f3446,1
3fe92dca-9502-4fa0-99ab-b0f086e3e49b,1
38da2d64-f64e-41ec-8968-0d566de21f00,1
404c38c4-4788-4232-9690-c34fe02a6fb0,1
405bdc37-7463-418e-a27a-b86d7bb88057,1
4062089c-118d-406e-94b7-7bdf005df21f,1
40c1be8f-cede-4447-af11-bc4eca5e8242,1
41051bf3-9989-4c8a-a5a4-2f8ef4e28d1e,1
4174f600-4631-4062-9382-db0ca4db8fcf,1
41b05379-4271-4f19-97b1-774f19a6a8a9,1
41c1c4cc-49b2-4fe9-aac1-6e71bd875e1d,1
41d906f7-2556-4309-a406-f9a7a9e2c30c,1
3d4be230-3cd3-4ea1-8aac-533885186f33,1
3d43044d-b53f-4b02-a2f0-3e10f7267887,1
3ce2f3c5-b5f1-4d29-8009-1f3b35e87057,1
3c8504c1-ed50-45c1-80c5-288b28df4be5,1
39215b0c-8899-4240-bf07-158b1ec9d8ef,1
3988fefb-2cf9-4815-ba8b-22407f6cca7b,1
39b5bf50-fbec-4739-a2c3-7536f8d923b3,1
39bb0c45-f23d-4778-8cfb-d009819b4ea0,1
39d7fd76-9be7-443b-b899-0ded618a749d,1
39daf1f9-0a5b-498f-affc-fd7926f8240b,1
3a45b11a-d6ff-4913-a7df-0b34520a87d7,1
3a4724e7-4f88-40be-bf91-3e6daca28f58,1
3a7512da-5aed-468e-9f17-51f282faafcf,1
3a8da7d1-af09-44b1-aaa5-eac9ca62d3f3,1
3abdc636-7819-453e-abdc-afda295f7da0,1
3af2f228-2d1d-4a0d-a357-b77a1a370993,1
3b6816a6-9a30-434f-b0cf-d730f9e575b2,1
7b4a354b-3aff-4424-8ada-8ed15e6588d7,1
3be62b2e-b954-425a-8a03-095e50a3ea8b,1
3bf3e5eb-342d-41c9-a7cb-57120cb2cc53,1
3c5dbf43-17f6-4eda-8323-bc40135b7766,1
3c64f372-7b4e-40f9-9892-514939af209b,1
3c722055-ae7b-4d19-b78e-32fa0947e234,1
2f762cc1-211b-49d8-950d-4413b2596bcc,1
2e8d9801-fbb4-400f-83f3-2628deca9f92,1
2e8af164-b492-434d-bff7-975dd6e448da,1
245e9572-edd2-4239-85e4-7d30c2c91be9,1
23a0aec2-007b-4f39-852d-b8596ef7b2cd,1
23a2a4cd-93d2-4237-8788-046a2b853ac2,1
23a94c0e-7a38-45a9-b421-1cb33c4ca177,1
23b04267-10d3-4456-93c1-86192d4bd364,1
23fd0926-2ffb-4f2f-8db9-7ee86e112257,1
24055d93-78a1-4d61-af9d-d4650eea615b,1
24099fe1-9e35-47a1-af1a-508a9fda4625,1
242b9e20-e026-40ed-96cd-8cb4798814ea,1
24568f2b-5b7f-4f5f-a373-e222a9d6955a,1
24740f85-9236-44f5-b3f9-f4240f09db1c,1
25d5cbcc-b928-471e-8571-6c71213805cb,1
24b21b21-7ad4-4b8b-afbf-e5686c60308f,1
24e203bd-0dab-4740-a58c-25143b3c7ca0,1
24eeda98-7ba8-40e8-a2c3-1d0aecb8e8c3,1
24f11157-3124-4e6b-8e1a-a961a6398d4c,1
2528eea4-7d05-49d1-8b9f-70686248c8c2,1
252c1e14-2a62-41f1-be83-0db756f5c3f4,1
25341963-9a7b-4818-b2ee-19e8038df5b9,1
253db8a6-cebc-4e4b-a1ee-d45074c1a511,1
253f00a3-1112-458f-b34a-63de538820d6,1
238ecb8d-39c1-4eb7-bb2a-8f3d761140b7,1
237c94c4-e2b5-4205-af0f-8900cd46a226,1
237b0fc7-03dc-4eb8-aff3-9140453ec145,1
235cdcde-59ab-4972-a563-3f3ab0b13dfa,1
20fd2b67-01b1-41a0-86af-9df0e9a55850,1
2100ca93-a08b-4b7c-a101-a5a917137c24,1
2134530a-fa8e-4494-b570-944c3034dc17,1
2174b0a2-1a10-4b9e-8e84-662ad71954f6,1
219695b9-3a50-4840-b5b9-cf8578ce61c3,1
21a94784-e96b-4ad7-85d8-3864ab979784,1
21abd627-4a8d-40ed-b4b8-847917f92db3,1
21dbce6c-ecc9-42f1-aa86-8d5ec731d43e,1
220e7c4a-618f-402b-aeb3-c2614f7be956,1
2218f4db-12cd-4069-8104-81f66f8b309b,1
224c9e52-7ca8-47a1-86a4-23821714fbfa,1
22586cec-9771-4ec4-8c7b-7413fbe3b27e,1
229c2161-eb66-4018-8f05-be0466f35432,1
22ac3929-1551-46b7-a2ad-6017b3098f5f,1
22cfb69a-e897-473c-b31a-683d945db791,1
22ea3d61-0423-4296-86ea-40e3b8157217,1
22f23f90-1152-457d-8fea-b60d15878171,1
232d3c85-e9a4-4c32-83c3-a032d0741d77,1
232fb842-0aa5-46c9-a85e-f0db58595cbb,1
259a7520-4868-464f-8aea-345a708be9ff,1
25e5251c-4ec4-4d9b-905b-4eb920d66cba,1
2e77a353-0237-49d0-b96b-4c99768269bb,1
2b8798f7-e966-46e0-9e52-ea2dabbaf052,1
2a5a4519-165c-44b8-9538-4a49efdee7ce,1
2a666844-0e91-48d5-aac8-816df5dda9eb,1
2a7dd4e2-b31f-43aa-916a-79992389cc63,1
2a9cef71-bd10-46e6-82bb-5cc9de1d4275,1
2a9e68f5-4d02-46a5-b2e7-56045672eddd,1
2a9fc5be-4222-4ed0-a49a-55545faf2550,1
2ac452ca-7853-4b4e-9759-78885ab60d71,1
2af4fa41-8561-4c44-bfcb-a293def4f826,1
2b60cca2-6e39-4476-9c9f-b75db165302a,1
2c7a49c0-2d83-4607-8266-8f6a4fb90e5d,1
26410a56-da9c-4d1a-90ee-3f987773af87,1
2cca8c25-70a7-414b-8262-79981b4d166a,1
2ccd479a-f20f-466b-a72e-0d6cc76ded04,1
2d393c4b-912c-4d4b-a6e5-9fd040a8edb8,1
2d3f7f5e-7433-4b04-aaac-8b68faf775a4,1
2d6d1882-f448-435d-bf0b-ea5bb3d55d5b,1
2d70b444-c221-42d7-a36d-8df82d9239d1,1
2d9854df-2b62-41c1-ac7a-cb13b544795b,1
2d9a7148-21cb-4ed1-8b52-a490c94dca81,1
2e319d0f-fa6d-459f-a17d-dd338db91e06,1
2a56b0e8-10ec-4dd4-9ba3-17de7f2525da,1
2a53ba56-635e-4637-9aa7-545aa740c7ee,1
2a215cc9-d216-45be-a482-82a072105748,1
2a1ea0f7-5d36-423b-999f-06199f72d87b,1
26b36e3f-5a54-4bde-b27a-bc1ad6c3459b,1
26d8177c-48f0-4262-9d7e-b34faa619410,1
26f1b5bb-8cbf-45b8-b7c3-13c19df7182f,1
27329fa1-b786-4c5d-b6c3-ddebadaa4510,1
2753c48f-eee3-42fa-af05-83c9244cc45b,1
2776c578-3f22-41f6-aca5-418aed825bf2,1
277f3a17-e180-4bde-bd13-77b6e801328a,1
279f5fcf-3f7e-472d-90c8-0230192ee9b0,1
2818577a-a567-4f3a-af88-20559fcb7c31,1
2844959d-55d4-4f08-adda-c6dd2219d5c6,1
28692da6-4237-475e-814a-1d706803b42d,1
28e50083-f8b5-4193-bf28-3dd3e35258a5,1
294831ce-8ab1-4827-8d0a-ea5fb4744bba,1
2960865d-afa6-436e-a51a-4e1fcc599df8,1
2961ce29-a2d9-4d08-8a52-fb30c8712afb,1
297adc5f-0851-4e7a-8551-611d3ee0d7b5,1
29d2ead3-f1b4-4d83-80f9-2acb2c4fdf6d,1
29ec29c1-e7a9-4b71-86e5-6c67eba689aa,1
29f866b9-5237-4a91-ab7f-0b4dabb873c9,1
7b4484d6-a06f-4f55-a588-b506c1ea13c8,1
ffd76266-c328-4587-a94a-072c30c82a27,1
7b4f72cb-3e61-49f1-a946-72bcda568de6,1
d32e6d5b-55bc-4f8d-93e1-857356de0d83,1
d165bed3-f0ff-477b-b71b-1a543f5f839b,1
d1e7fb6f-a7aa-432c-acb5-51e919add1df,1
d20fe7da-de0c-410a-95fc-26b259daeba2,1
d2500951-cacc-46c9-a62d-94c35eb3ae3b,1
d25c7b7e-9d72-40ac-bd60-04f91350c53e,1
d2920edf-1943-4822-a9b1-6f61b7a475f4,1
d2de893b-c5ab-41a4-995f-a55f46041c7b,1
d3037ae8-a81e-4633-919e-3aa2987b10eb,1
d3163ac2-8728-474c-a32b-e22f6c77843f,1
d3870e7a-c525-435e-a554-d8b3837ea7e4,1
d115c115-e1e9-4962-ac98-9b60689cff0c,1
d3adc860-784e-41c9-b3cc-4b9d0b03db9d,1
d3bfe86f-511d-4a49-a9e3-80a41f6f83f1,1
d3e44fdf-4dda-44fd-ba00-700486429389,1
d3fcda34-c97a-4d2f-a2d7-c12951e8b5d5,1
d4288a23-eff1-4a44-8d74-6a9d93aa61aa,1
d42aafd5-f6d7-4d29-bdbe-f39883f54abe,1
d44ac847-663b-4070-9dfb-4e3baf56bd12,1
d495e797-9d78-4ff8-b072-d12435edc3c8,1
d49f952c-9d0b-4eb1-89ed-4e93d35dd957,1
d14accc5-0583-42d4-9a15-673ff8fe9cfc,1
d10aaf48-d5b9-482e-b051-82d6ef539c91,1
d4b91bb0-2a43-4855-8994-ff83829df90f,1
cf6fb2a9-e080-4890-869b-39c4249b7b4c,1
ce12c277-9ecb-499e-bb46-cdfb09a07017,1
ce729fed-67b1-4620-a298-41bcb13fa958,1
ce8a385e-50d3-48d5-8222-69baeadda5a9,1
ce960295-30ea-4670-aad3-b6010b1ec6b5,1
cea438b6-7038-41ef-ac72-5207fd35b1f1,1
cea641ac-2ecc-4d5d-ad2e-3b877f76b614,1
ced3e2ff-232d-4d2f-b6f9-2c683a9f771b,1
cf06a8a1-d120-4950-972a-f4c831def9a4,1
cf5e60bc-e6ab-4d6b-a32e-b8f1ee008f29,1
cf737380-261a-4df7-be3f-a80a489d23a6,1
d0f114f6-c9df-4a3f-9004-58944fe7c5d6,1
cfa3bb0d-c507-4e5f-9847-dcb1d7577fd4,1
d01f45f3-eb7c-4d11-8b8f-d4cc0aab94f6,1
d0214642-9f24-49e2-bb06-69a5891d0780,1
d03c5095-c3dc-40df-a52e-a87c9b7faf6a,1
d03d5325-e899-4f72-a6f4-eabffec8a4af,1
d0472591-46c7-412d-b24e-445c813f9053,1
d05ffe8b-ffe0-4883-ac87-0ad392df5cdd,1
d072b1bb-4fb6-48e0-9992-dea9afe5b45c,1
d087dc54-e4cd-4ae8-92c3-3bffd556ab8c,1
d4b6486c-e615-4864-b2e1-364085c43287,1
d4be636b-e87b-4860-8f6a-e8460bacc277,1
cdaa15e7-0509-4439-a11a-0f8dee9f02f6,1
dae8f41f-7d66-4ba4-b34a-b4a4985074a7,1
d96a1698-9257-4fdb-a2ce-c50549d2f90e,1
d987b8a9-5ca7-4f05-aab5-ce34c2b62c62,1
d9942b0a-27a6-42a0-b8e4-197ecac58df8,1
d99a88db-8ac7-4c1a-8e9c-ea0218b59b20,1
da2fa94d-b563-49d2-bfa7-c5d5cd662ae0,1
daace9bf-35f7-4e13-818b-943191a18b61,1
dab53300-a0c2-40a0-9402-157db50709e6,1
dacb77ce-9ddc-4f70-bff6-32394c0376bb,1
dad0ac07-1375-4b28-a18c-df2b875add44,1
db0f60df-337e-45ed-909f-6119ab2cd217,1
d940d836-4af6-485f-92a7-92d7c6a47ecd,1
db127b30-1f87-4f1a-b7fb-07d2eefbc563,1
db64dcc5-d241-46c0-af31-610cb7ada652,1
db669b02-4a45-4c38-9efe-d2b978235a77,1
dbf95b5f-1409-4324-9362-cc13295a478b,1
dbfcda50-d7aa-41b6-9e39-e7acc708b711,1
dc1ec708-ca5d-4eaf-8a31-64dc174ebaf3,1
dc203726-4e54-4b68-902d-c5c163924d2b,1
dc523e11-c3a9-4ebf-9de5-6719547d1f7c,1
dc8e6d55-b1fc-4e30-82c2-eb58036a52f2,1
d94f329a-f549-4db8-b8ba-98ff51635fdf,1
d8c4c6c1-725f-4111-a98c-a03604644e61,1
d4ca7320-22f7-40ef-948e-8ea45c7bcb45,1
d65719b0-d19d-4c1d-a5f6-eba82a1c3832,1
d5557bcb-5e51-4abf-ae92-f0d31c2df6c4,1
d558691e-8a84-47d5-b5ca-d5f51b424736,1
d56e51c8-80f8-4431-a525-1c7f8828fcba,1
d5c087b4-6f22-41d5-b0ec-b456ed4213d6,1
d5fac1e8-0abf-46a8-930a-7f86fa90b5bc,1
d60887b5-59a6-47c1-b4f0-7e2cfbfd89a5,1
d619f56f-32f2-46a3-8847-8d912031f4e2,1
d6221ca8-9e48-4302-b70e-8028e80b9e3c,1
d6537de9-7b17-4743-a349-fe62fcb3a627,1
d696d12e-9ac8-40ff-8560-fcbdbd8b89dc,1
d865aa29-14ce-43b8-9104-2522c828624d,1
d6a951a4-ed48-419c-aa9d-e8349e0d8123,1
d6c00752-65fa-4b6a-81c8-9e64e212c13b,1
d6e153e4-de2e-457e-b8ad-ab57292966dd,1
d70160d5-d924-4d56-a22c-43e97e81c36e,1
d7639139-2feb-4e73-988a-50885e701c59,1
d771bd65-1805-4c52-a029-0f9d48be855c,1
d7ff382e-9a5b-4a81-b4ec-d6b06580125d,1
d84f8314-cc20-4b00-a45f-e53d6058c54a,1
d85e479f-c38c-4df8-a635-47bbdc07b872,1
cdc2e19a-965e-4e9b-910f-4bfd00445dc3,1
cd9d3edf-d9f1-4936-9704-6378513d54df,1
bb5e339c-02a9-4509-9c19-d502d200205c,1
c3aac06d-df1e-4d6f-a232-7e8241e4e4ed,1
c215c7f7-9549-4c7c-8128-7ad6e621bad3,1
c228522c-3905-4521-9ffb-3a97b55342ef,1
c24e5538-f6cb-48ca-bfe5-6263812c6719,1
c27b9115-9981-4c02-8326-c34d2b520e2b,1
c283204e-067e-4978-bc4d-24f5c41624be,1
c3267246-9e4e-406c-8eb2-7674ce74822a,1
c3486c93-a275-4af1-b3a1-84d9f7612d10,1
c35daf56-66c4-4292-81d8-5724ca20b169,1
c39da974-0528-4496-ba4a-620668ea1c13,1
c3c3391d-fbac-483d-b720-17ffa4663e31,1
c12a6582-8a31-47f1-829a-05fa02f57ce9,1
c3e3b642-b169-4e07-9535-eb1ee4063f59,1
c4727aa6-3361-4542-b07d-bd339c2511fd,1
c4a481a2-a20e-4ff5-9d3b-a32eaeec6782,1
c4d48453-4e76-48d4-85b2-b900b438fb8c,1
c53965ea-6f7b-4f0c-8466-77e53356591d,1
c55fc936-f990-4b98-a467-152f41c40af2,1
c56aa4b0-18f3-4e0b-b6b3-a2f1012766cd,1
c57a509b-6dde-4c0f-9df3-7eb87ac8cdae,1
c59669df-81fc-4b13-82de-b4b0bedffc96,1
c1d061ee-f93d-4221-b5d4-e8bf063274b7,1
c11e5c38-4db1-479b-bce8-dae9dbcd13a9,1
c5dd14c6-7e37-4d8f-92fe-184e68a04bee,1
bddfcaea-a6b1-4dad-8c2d-8c4b091513ae,1
bbc60796-b81c-4c9e-8b0e-16c4b33a9a3e,1
bbfbb068-73b6-4289-82e2-0f161b727294,1
bc63bd75-7ea9-4f44-9ac9-4fcfbe246142,1
bcc50d8a-8c8a-498e-bf59-70a79a9fa5db,1
bccd81db-f208-4bd2-b2f9-9a6d3f36beb8,1
bce2c26f-5a48-4e1b-b961-3063f1e7dc33,1
bd364dd4-f69d-45d9-af25-45198c0d04dc,1
bd46b717-483d-4019-9fe6-2ff10e98d927,1
bdadd771-c9e0-42e1-bf43-4fc74378dfb4,1
bdfdebf9-9d96-443e-930a-7507d2f30c42,1
c10c5f9b-b719-4e8b-93e8-99f1cab5a8fc,1
be7081c8-1c37-4939-9094-7fb02141695c,1
bec49db9-0999-44b3-ac97-94f5b9c98057,1
beea285b-f0e4-4f9b-b8d8-82af0804c5ab,1
bf10d177-f1f1-4f03-b338-f2e49480b593,1
bf20f3a8-6115-4b3d-8f59-fda2b487f609,1
c01278ba-13a3-4146-8221-c03ae05c100c,1
c076ed21-d0b5-441b-bfd8-2754a939781e,1
c07aadfd-3bca-4cb0-9eec-bae9520b6874,1
c09fc789-29f5-4b93-8b79-fc2584753ee8,1
c5c8a33f-b71c-4216-bdd4-f7863fdd91fd,1
c629ff4a-c3d0-490e-b59b-bef59149eeb3,1
cd74e467-75de-4734-873c-4b70f9e0bcea,1
cbcd16bf-87bf-4f37-8aff-15b62337336d,1
cac44b2f-1de3-4016-9582-e5ba37430b3a,1
cadc8c13-15b0-4152-90fe-5d4be6bc5836,1
cb148995-0ece-400c-bed2-605db0322f4d,1
cb36e701-5ee2-424d-94cd-856634aab927,1
cb4cd47d-7286-4b62-9ee3-a1cb50ac35ea,1
cb6a48f5-8ac1-48b6-ae7f-38637fffa2e0,1
cb80e295-6e10-4eb0-924d-ece4334ca6bd,1
cba07fc4-a50f-4d12-a2b2-01f48d919c69,1
cbad6213-86d1-4de8-9516-a99ff1967748,1
cbfe1926-2fdf-4e17-bf9a-9b986e48d553,1
ca597508-8989-4f85-9d17-29f042333c56,1
cc0ca2c1-af8d-4335-94d7-d09a1ef16219,1
cc3fff72-3d92-4b8a-b3cb-5aa70d59fd66,1
cc61f1fe-a731-4485-b0b6-7b58bb0490c4,1
cc6e4caf-fbd9-48ab-aecd-fdb2fddf3cee,1
ccadc287-d0d3-46e1-8021-6d9484ba3ca7,1
ccd1e038-36eb-4d2d-81f5-953892d548bd,1
ccd87b64-6216-4865-a1f7-e47c1138458a,1
ccf4164d-e687-4e7e-b6a9-3a0c9412a5c9,1
cd41a3d5-1314-4460-bce7-3905a207cf6c,1
ca984299-0251-4c97-90d7-18332106d00b,1
ca4537b2-ebd7-4ea6-a3d1-58448a4b3ee8,1
c66bf635-7178-4c97-bdda-ff4b1af66d6e,1
c88916d8-0bad-4ab4-8613-1a2993ca613c,1
c68ca500-79f0-4cc0-b2cb-52202b66530a,1
c6d7e1e9-32c6-46fd-bea5-c70e1ee0627f,1
c6e4c3c5-bd1f-4672-bfeb-2787830e22ae,1
c77697dc-73f3-4c74-bedc-4779cecabbe9,1
c7ca03a9-135d-460d-8089-e0ecc1484668,1
c819d0ef-b6d5-486a-8e78-86707775b432,1
c824df79-6aa5-49f9-a897-99a7f6d4de18,1
c87919a6-aaf6-4618-9037-8b20f0d9b9d8,1
c87d6dd0-1a73-4eb2-bd4a-ab184e4fb6c9,1
c89192d7-1b18-4587-b5eb-7180a8d370ff,1
ca413766-4f61-47c0-8984-a3c25a0383b3,1
c89aa774-044d-402c-a118-5014536a29a5,1
c8ab91fd-4a43-47aa-9b49-a5093ab03b2d,1
c8bdb8e7-6428-4bb0-84cf-3afba0e6d7e3,1
c8cf07e5-300b-4993-955c-43d509a845d2,1
c8f2df85-de48-4f3a-9428-11c5f0840636,1
c90badeb-c689-40f1-a3c4-b1cb838e0481,1
c99d7897-ecdd-4e0a-8594-75d98294d154,1
ca07295b-4d7c-40e4-88cd-3bf580605d90,1
ca0e8199-3c7a-4c69-acf4-4306a2d36ac5,1
dcbc22fe-76ad-472e-ad8d-856ef12f7f61,1
dcbc44a6-0eed-4f1c-9780-69554403781d,1
dcc74708-d5c4-47b2-bc0c-97bf5abfcd99,1
f55b8bcc-f87a-4b09-81b0-b106b2657c32,1
f3e39674-b1de-4f1c-a6a7-08cdad7c46e1,1
f41dc2a1-59cc-4d52-9192-5547306c11f8,1
f449e46b-3f44-44f9-9b31-239288961618,1
f45f2471-47c1-4d34-ad71-98483054254a,1
f45fe761-aaba-4caf-800a-c6929c4a279e,1
f4793d11-28f6-41e3-8403-bba89fbd74f6,1
f495f1ad-0d45-49cd-a113-7d47f01730b4,1
f4fbd983-c473-4b22-8542-b76af0c8ac1c,1
f50d600e-b995-4313-aa7b-a5ac605bf5e0,1
f56a7906-949a-43ae-8e15-248e2675d003,1
f3a167e7-d399-43c7-a798-478be8f2560d,1
f5861a21-d6a9-4c59-9c1b-b323116605b3,1
f5b6f9d2-fe4d-4151-9bb2-51e76af417bd,1
f5d14b35-82b0-42ba-be26-f4d0c6a1d6ea,1
f6060f6f-77b9-4060-aee9-6c6b437132b7,1
f61c4e0c-7cc9-4313-a6ed-5aa3af7a6010,1
f61f66e8-402d-40dc-b48c-772b3c9044a6,1
f62f25d1-6eb1-4037-9aa7-d5f92b608a31,1
f67fc013-9080-46c4-a683-c1c860ca5972,1
f6a08a07-ab5c-4885-84be-2f447c61a38c,1
f3a3a44b-d198-445b-a2f9-d69aa7750407,1
f38a1e41-a7b6-4d7a-b84b-fddd1852a490,1
f7853586-efde-46b9-9b99-df2e859e1dae,1
f0465a7d-a0b3-4454-9b7e-64c543e46895,1
ee99b806-be74-45a4-b8f4-e0560554136d,1
eebd40f5-b529-42f7-b3c5-3f8d349bddc6,1
eec6beff-be68-4e0f-bcf3-721a77bc7f3d,1
ef23a268-4900-49f4-9b05-b4544cd40791,1
ef3cf61f-6415-4a79-bd8e-2916cf898539,1
efb00650-1bd8-464f-b575-4e8cdc676ef1,1
f035f0de-50c1-4c66-82c8-63adb5ec4838,1
f0423280-89e9-436f-9875-7e58427e19eb,1
f0442778-dc8a-4047-8c74-18ab2d263adf,1
f06561ce-4e3d-4cb9-8a85-5d1ecf1c955e,1
f2d56aff-0d46-4db4-9c2e-36258448b96b,1
f0755095-4443-41f4-b68e-9bc3c87c0b9f,1
f0be12a3-6128-4191-9981-a4b1da23a2d4,1
f0dd7850-00a3-411b-af1b-10b81e8ec9b1,1
f154a5f3-6714-440a-9dd1-b244a2e48f74,1
f20b7c6a-ef80-42bb-a553-5f5e4eb442d5,1
f277dc98-ddb6-44a8-811d-780dc2f6990e,1
f2aef2ab-fb2c-4bb9-9054-85af0e418337,1
f2d08846-7dbe-4d92-89b7-a47cd493f21f,1
f2d517a4-1cbe-4409-9bee-836b3c96e269,1
f785274d-c0aa-4de8-919e-8816647e89a0,1
f798ed02-d0e1-4dbf-8bf7-92eb83e81b08,1
dd20b101-56a0-4a86-ad37-d46b3d38fbd8,1
fcf60837-6af1-4708-a507-54d2668c4f95,1
fb73ee39-882e-4a05-b9b2-cf4e2bfb0e55,1
fb7d9491-3e62-4982-81dc-da58f8678d25,1
fb9f8ecf-8192-4097-8357-e950ad84bed4,1
fbbad5c9-549a-44e1-bd49-030ce8532ceb,1
fbe83fcb-76a4-4b55-abe9-3899d3a77346,1
fc3a9cdf-c570-4268-9fb9-b93ced2f94d2,1
fc506e39-d824-4b91-81bc-1f9778e12069,1
fcca520b-eeac-4ef0-82f3-510ec3b992f7,1
fcf49784-36f6-4cc3-9f49-4ef5e269162d,1
fd0055de-a13a-4c12-9b78-7834973abb02,1
fb417637-6e6b-4413-92c8-30d9d142a693,1
fd2c8912-727c-4804-b213-d8532257bd8c,1
fd4d21fd-1620-4893-bc2b-11790e46fbb8,1
fd58d6eb-bbfe-4197-910a-8a3bf36e39dd,1
fd931305-3a84-481f-b2b8-7d3bf70f039f,1
fe83cd17-ccd4-40da-a719-00dd6d1fee66,1
fe83d23c-1ed8-4963-b1e8-0e4493c14294,1
ff02ed94-0d98-4296-9342-3501a2929d1d,1
ff056d21-b4c5-418e-b5a0-89b5b04ce999,1
ff48af0e-c83c-4920-8d78-b53f38713fb6,1
fb67dcc3-e711-40fc-a66a-85ad50462885,1
fae88c2e-2cf7-43b5-b364-6d842ba7784a,1
f79b3b46-6199-4bcc-8f53-1a2e924d24a7,1
f89264e3-9fac-4ce1-ac0e-fb4203c83971,1
f7cd87fd-e144-448b-b9d2-2ce9194e2e9d,1
f7d9689d-61fa-4743-b4ab-44e2731799ef,1
f7e0c6c2-6cdc-4b03-b034-94bca4c765da,1
f7e38e4a-a5d0-4cbd-b05e-3e5a74acb985,1
f7ff7eca-8d04-44d4-aef6-a68404fdaeb9,1
f834a223-5fa9-499b-8bee-995136ed8006,1
f8491df7-892e-428d-9d24-6fa966d37c16,1
f84e72b4-eb84-46d4-9b75-e47a56df4546,1
f88f1bc0-a01d-4063-b0e5-f5413148f612,1
f8a4a968-a1ab-4fd7-98ac-e5636e5e14f1,1
fad62b21-9e6e-461f-bc28-67693a7ef23a,1
f8fee300-5b69-4af8-bcd6-33dc5630912b,1
f902e0d3-2e6b-4712-8f43-c84293e140b4,1
f90309d8-aa0b-4b19-a1b0-a4fb2d4a28aa,1
f9072f05-b557-4864-aafb-34806131be1f,1
f9382c5a-e027-4071-9eee-69356aa746af,1
f957ead3-5606-43eb-a43b-4e463b4ffc1c,1
f9f77db1-0450-4adc-a8a9-5a4593251f12,1
f9f93a7d-c309-472c-8efd-27f0224948ed,1
fa6cee07-d1ed-4d90-9900-13aedf96d1c4,1
ee8c9e91-baa9-4a63-a4e4-df003e9567a6,1
ee7901a6-79d5-4d69-bacf-e4bca976a66a,1
ee6a2546-ee4f-40df-98e2-f520985a80e0,1
e4ada0da-6d82-4a27-9e18-7708f6da4e22,1
e26a4578-63a3-43b3-943b-3617e728a228,1
e2765119-2272-480c-909c-c6ed0a305430,1
e2a7eda9-eb09-4dc1-8ff6-a4dd29cc9132,1
e2acefa5-4cac-4c4d-bccd-2fa3752aa23a,1
e2e07887-90a4-43c4-9e2e-09b67bd09804,1
e31eee94-db2e-4d7d-8bef-19a4f2cd46fe,1
e31f7489-645f-4dbf-82d0-ae90db3f407e,1
e3cc5c29-2244-49bc-86a7-8b7bf1928908,1
e43f6a21-5250-4c90-8ffe-d1637f259dec,1
e4f0f9f0-6de4-4d55-9b40-53b96a4e2255,1
e257f624-c04a-42d0-a289-0fc88bea547a,1
e503b9f5-8e33-4f79-8de2-5b2946eb58f9,1
e510b1bf-ddc9-48c5-b181-b7ebe4a42884,1
e51ea077-bda1-412d-94fe-ab25dd729da1,1
e571eac4-4551-450f-afff-ab9840ad0242,1
e585438a-3161-422b-96c3-9aa4ace8962e,1
e58bc382-8f55-4d60-89e3-1594212a7a33,1
e5cdaaa7-375f-4127-8e1d-00b32638debb,1
e5e69b63-b1ea-4d9c-a60b-b6df98fd26ad,1
e617850c-c683-4d35-b31c-5896106a7b85,1
e25e6ddf-c7c1-4d87-ab0e-f6cca9e632e9,1
e234ab28-e8a2-4575-8809-b71b414852f4,1
ee3da73c-ed7b-40cd-b108-3d2e9befaa68,1
df46e7ce-90e1-4496-a2e7-4900c055baea,1
dd7355a8-da02-4058-9db0-480a43aecfed,1
dd9cb9dc-91ad-419d-898f-0bbc6f551bb1,1
ddb70faa-a128-4f4e-b081-f9c630d010b9,1
dddeb461-1c8a-487b-932b-9709146bc2d0,1
de030af7-d8ff-484d-8275-806895be1c81,1
de11a578-1dff-4789-b2cf-39f0f8a97ab4,1
de4406fe-48c8-49c2-9b10-bbd90eb6d41b,1
de6a90f2-25cb-4404-b46f-9302e954fe0f,1
dee5e1f2-c3cc-4f04-981d-da3b99bedb23,1
df57f7f0-5d43-4dbe-afb0-26674473c7fc,1
e20a0931-325c-4c5f-8fbb-87bbf28adafb,1
df5c2afe-49d5-4df5-ad0f-52ad30cc6da9,1
df9aa273-1f0e-4d31-a91a-55b982edcb7d,1
dfdd9c2a-b72d-4015-9bda-1af8356f636c,1
e0275323-a589-4d40-bb87-33c90062ad4b,1
e0d8c90d-3887-4958-8b23-d16e42893201,1
e1562751-4fb2-4fb2-8a62-2546920ed58d,1
e15c2a01-aa8b-40f3-9a78-9e089a207914,1
e1609aaa-73e0-44c7-99fc-688542e581c7,1
e19c223e-7dd6-4860-a6d9-c28eece83fb6,1
e645200f-a050-41ab-87c2-9c972bcfef69,1
e65f3dce-6169-405f-ba98-128123ac9f7d,1
e6bdfab8-5ed2-462b-922d-f33ab0d36553,1
ed2836e0-a42c-49d9-8875-67774506e10d,1
ec083d92-95b7-4cb7-905a-2b074a7eb217,1
ec393301-401f-4ce5-8e9f-79947272d4ba,1
ec3d82be-0d82-4f12-8cac-5242204f2165,1
ec40e909-9c34-4d9b-a30e-6684c905ca29,1
ecb0be3b-3389-443c-a738-ffd28e71badf,1
ecde383d-ed5a-4637-8a2f-a34cfc922e6f,1
ece90a96-3869-4e5f-95f7-cfa2bed210f6,1
ed03b36b-8edb-4dcf-aea6-a2929bb07b9d,1
ed196f15-e3dd-445a-9614-5824aceac1a8,1
ed459d53-0305-4298-8588-deaa95e4a253,1
e6feda8b-69aa-4336-8de9-3dd5afcb01d4,1
ed7b9c41-7a14-4df6-8307-c3ce272721ba,1
ed7c43a5-3487-49ac-90cb-808f028ecc23,1
edafb18e-bec6-4ffa-9a6a-8d599c766845,1
edd80509-cda4-4a13-81f3-9fae98e0ce6b,1
edeb61b9-9922-432a-bbbf-16c4b41c8841,1
edf944b7-43e3-4945-9c8e-661190993c4d,1
edfa4f7a-db8d-46be-a970-fe2fed06e1bd,1
ee104de5-3ffc-44be-b413-0facb2965c2c,1
ee381798-cafe-4f6c-acdb-d0f07f9dcd66,1
ec04fe21-35ae-48c7-8cfb-5bcd2122b71c,1
ebe9a292-0f0a-4162-acaf-105550744a54,1
ebd98e15-288a-4f9f-97a6-e7dc2c723ef5,1
eb7bf250-b61a-4df2-a2f0-e73b55d0bfc9,1
e7070b90-4f6e-4cb1-8012-95f8c64173e9,1
e7483b7b-e2d0-4e8a-8cc8-cfb3d5d0ac72,1
e763ddba-fd5c-412b-9d95-ca562381b23e,1
e7d5777e-10d2-4a9f-a51e-a0ac2035ea86,1
e7eb20f8-8d6c-4f52-b4d1-6c40ac745374,1
e80da8ed-45a2-4f3e-b6a2-270cfca386d5,1
e82ac91e-6654-43d8-a209-0e13c02f0d83,1
e82c399c-9403-44c5-818f-17d6f20dd52b,1
e866a6bc-7767-46c2-ab98-955e547d0cb9,1
e95fa20e-b037-436d-9f8e-00d552953f91,1
e9a18b56-0ad6-41b7-bc59-45994ddfb716,1
e9e1b653-03af-4480-8285-e2d34d30005d,1
ea1be82c-e33e-449a-9a6d-823a95ef3cb4,1
ea5ccb32-59ae-44e0-af53-c248c392c53f,1
ea73fcd5-cfc1-4b10-9228-a913cd75889f,1
eae835f5-7d8e-4446-b76f-2cef4dc20792,1
eb03d1b6-46de-483b-ac97-94a4a1f50f4e,1
eb2b0aba-cdc9-4ef4-a07e-fe1a74ff8d0c,1
eb2fc0fb-bbd9-4e16-a063-764875c6f2ac,1
bbc5435c-046d-483c-a7e9-52438ef3d155,1
bb2a4c60-2bb5-48e9-94d3-97ea8f08b4c4,1
7b77bd8e-66e0-4586-b528-50643e85a29c,1
900b5252-62ef-40da-865c-a433d903e37b,1
8f1ef619-4bdb-4ccd-8245-eec5d22cfb87,1
8f21dde3-3ef5-4d51-9b4d-688dea35514c,1
8f62f087-834a-4b1b-8bd4-3847ec7025c6,1
8f683614-d161-40ac-9fbc-a5898cce3bc7,1
8f804435-5a73-4734-b1da-51bc667e92cc,1
8fe9e9e9-20a9-4983-8da6-540523a3f5c3,1
8ff1be23-c382-43f7-b28b-2271299127c7,1
8ffa232f-c7fe-4e40-bed3-6e896228c426,1
90021ed0-a695-47a7-b457-86f946083a4d,1
900e4649-6f62-4c68-a7b3-8651900d5954,1
8e78cdf6-456f-4762-908a-ea6e327c48f8,1
901f7d04-df43-4182-833f-ac50dbe95b1c,1
903f4b6a-7054-4ec8-ab0d-1fe3e4f50d12,1
90809e7e-a814-44dc-a00d-8afcc505afc6,1
9091f5ec-3db1-440f-825d-02e38224d76d,1
90f6c982-8125-44ca-94e0-f086b56495c5,1
910f2c9a-72c6-4082-b86b-debb289b0800,1
9144d907-5c8e-43cc-bc79-57cbf5621585,1
917a010e-7e5c-4391-957b-0c594646ad97,1
91906c11-f303-4976-87ef-9f07f2bbdf7c,1
8efe3689-785d-4d69-aca5-42583b9df330,1
8e37a1d8-7f91-43a8-b4b2-343cf7b48c21,1
92aef22b-972e-424e-b458-4f86f3501ff9,1
8b7169d9-7c3c-4f69-bdde-2b9d188dea7d,1
8a5eac37-87f4-4d8c-b826-58c1b25ce9ea,1
8a88ae65-3a7c-4fe7-9e65-c6103946d287,1
8a8fe6db-08f9-4d35-8617-6ec41b5e4fc3,1
8aa65428-50f7-4538-9131-6237b1c0e2d4,1
8ac96c24-16e6-49a8-854f-7c4cceb40a16,1
8ad143b2-db21-43cd-883e-21fc7b87c0a4,1
8b096c2e-23cf-4a22-9717-36bcad410b0e,1
8b63f4d9-7d40-47f9-bec7-c974ca54cb50,1
8b715ff1-8d4b-46c9-94e9-999d7d40df2e,1
8be7d425-ea1e-42f4-befc-ddafd0e53e14,1
8e31b0cf-02fa-4727-afb3-3b084b249397,1
8be90067-0380-4a1d-a0d9-e3cc7db61cd2,1
8c0c8d7c-e66f-4055-9bfc-bbf884aad753,1
8c486abd-2a8f-44db-9fe5-d0a87bc2d45e,1
8cb23d87-7017-45a9-bdf6-37f39e629920,1
8cbe8990-5139-453d-9cf6-886e5b4d8848,1
8d14af8f-6161-4e24-9f25-074f0347a2d7,1
8d18a24c-3b9a-4c8d-a548-3ad2aae6efd0,1
8d296040-08f0-41db-a18e-d76b86fe6aad,1
8dad7ce4-b39c-414c-8c2e-a91449325bb5,1
91e37e37-10b3-4000-addd-a18e5d8ee22e,1
92cd9a5c-537e-4923-9fa2-1d1d47757d23,1
89fd3cec-1921-4b25-88a9-7781f66a79ec,1
9798c7ae-a06e-43a0-a4a8-dab405a7f045,1
96f1291b-7db1-4e4e-b55f-f347da0f584d,1
96f1e63b-2bfa-420b-860d-51234d0a8f97,1
96f44f46-f9c0-42c0-8c87-4cf58966318c,1
96f6db3d-462e-4000-b345-1b30d9d1c18f,1
9737b60d-f6a4-419a-8e1e-0a699286c8eb,1
975f849d-8796-4ebe-b820-551f57aa5174,1
976814ff-dcc0-4022-9dd8-56255841b11a,1
977e3783-9198-4cb9-a97c-96936964c1ad,1
9784c0e9-3c95-4c87-b507-93bb71b10da3,1
97af0b1d-4d9b-49f1-a24f-51ce0a888535,1
965df7fa-f464-4c6d-a7a6-eca15bd81ccd,1
97b2ff2b-6cac-4935-95ed-92826624d7e4,1
97cdb5a4-0bad-4fe2-8716-0e167746ba4a,1
97d24777-1efa-4173-bb09-9ab8aa8f3ea1,1
97d755d7-e8c0-4fe6-8daf-26fffa43df32,1
9805dd84-0a48-448c-a25c-fffe6b91881b,1
9819c7db-6d91-4d51-aaac-24c940e1f8dc,1
981c36b7-0648-4ce2-aa7e-07f73aadb2e1,1
98550d96-2aae-45ac-9edf-f55d6f858b1d,1
98f2fcbb-19ab-495d-b28f-30c8b8d6dcbd,1
96e4becc-b4af-4d67-9406-3ad330f85ea9,1
9637ae4e-798c-4129-8901-1a463d6fbf5c,1
92d767c1-49cf-40c8-a5be-4cd3cf8a0f33,1
944407dc-c32a-44cd-bfa9-4db59b0492ba,1
92dc4d9c-5c96-4754-b13b-33e8768b9539,1
92f98655-5c42-471c-b452-1fa242ae5e5a,1
934613c3-259b-4188-a3c4-a0c746fc5088,1
93a4e5a8-3321-4b49-a034-faa20ab77dfd,1
93bf7f7d-8121-480e-af97-6fe609fba852,1
93d84d70-88ad-436a-be96-ff4ac0252837,1
93f63419-b808-4019-980b-2f5963fd3f1d,1
942c96b2-bf43-4cb4-9fd2-7beee1250a30,1
943f5488-9112-47b0-bc4a-03ff5a60e07f,1
944b5070-79cc-43bc-8aa0-d3ff96d2ad09,1
961b9fc3-afb3-4f29-8a4a-9d81147036ba,1
9465794d-e013-4b41-b166-85c75b06e046,1
9476d1ad-24ad-4c7b-abde-28ccb9fdf0ec,1
9485a43e-be0c-451e-99bd-e75f1eefca55,1
952be8fb-15d9-4176-b16a-68fb274fb84e,1
9594aab5-f7bd-4b6c-8350-da868a4ccf5f,1
9594be12-f2a4-42bd-ba8c-205da591f80e,1
95d0fa02-f08f-4748-9356-c90a6a94d93b,1
95debe4c-9a31-4e4a-bb79-0ff56665d846,1
95e19792-48ae-4c14-8b8d-bd274bae6c4f,1
8a3e3fee-2f1a-48b8-802a-dea27bbca6bd,1
89e39fdf-240c-4dd9-bbba-66e404ffb9c1,1
bae4027d-ec59-47b9-9fb1-c80e27985d3a,1
81fd50f6-c2b0-4b86-a3a1-a9fc8d44dc22,1
805f744e-d26b-494d-91f6-69a0c5b05fd8,1
8099a177-73d9-4719-bae8-06187affde5c,1
80a9c312-719b-4008-a5bc-3d6b7c67bd34,1
80b1d219-7dd3-442f-a411-9d1c4de4434c,1
80fd3971-e232-40f0-8f2d-2c36abaa85c1,1
ff555553-c591-40a8-abcf-50f103c4aa99,1
8171570b-b29a-446f-b962-f19c5ba2f292,1
819b058f-8ee9-4e15-8c57-1580c400ca77,1
81bd5340-e029-45f9-8569-28cc6ed32387,1
824facb1-a788-430b-b351-7c7bb5bf519f,1
80315703-28c4-4642-9535-791f7fefde15,1
82570200-b931-4a92-bfea-6c9c8e5dfa47,1
82771998-b64b-4df0-bba0-6826bde5ff43,1
827cedbe-799d-45ec-a97b-0a4e49a3479e,1
8282f6fa-8743-4de1-ae68-467b347342ad,1
82b91a58-b7f6-401b-b34e-19dddfed0866,1
82ba7d9d-f4f5-41e0-98f9-c36f97c6032f,1
82d10032-9026-4b41-a8d4-a62cbb864dbe,1
82d2242a-9d0e-4569-80b5-4bace24913cb,1
82f1478c-170c-4d17-af7c-0307ad79b7d2,1
804160f2-a835-4196-ae4c-9b8dd058b85b,1
801278ea-8f9c-4ece-a990-ef0186419ba6,1
83d24581-8e36-41f5-ac2d-115ce6ed3b4b,1
7dbefcbd-b996-4805-aa3d-76b6f6fe6ead,1
7bd23317-0c31-4134-9371-4be72800c71c,1
7bd8aaf9-33ab-4156-bef6-1fcf1090d257,1
7bf016ce-0fde-4a3f-938b-64913e83a354,1
7c539022-174a-4141-a80b-7d30439cfe91,1
7cafaefd-a9ec-4b31-ae0f-7c890bb5a673,1
7cb9f461-0133-4556-89a1-9daddfca0d19,1
7d69aa24-a247-41d4-a021-bb314f5c76dc,1
7d757e2b-2a9c-43b8-97d1-7fcd7a2bada3,1
7dbb45e9-2603-4bcf-bc9d-e6458baf57bf,1
7dce5e2e-39c3-438f-9544-208aeab0c269,1
7f512025-ebd3-4886-8c37-ac0a2d304486,1
7dd560d3-0195-4a3c-a4f2-da436ac57d7d,1
7ddf9820-5cb4-45c9-a9c8-165422bad6aa,1
7df21aff-ab14-4224-a16a-2616f1dc2728,1
7dfcb9c0-4240-4614-aa43-34e0f8510bce,1
7e3ef9e8-537a-41de-add9-b795e30b721e,1
7ece0e4d-607a-44db-9645-995a312d06e5,1
7f2017a3-e657-42c8-8fe7-425c7e8938d1,1
7f3d5e7f-0bf4-4894-94cb-f102002aea56,1
7f48b8fe-a312-469d-84d0-90677b19d7bd,1
831eca74-87ac-4a53-be9e-b3174c9ecdd6,1
83df4c34-4fe3-4077-a64c-d57976690ebd,1
898721de-1bc2-43a7-8257-ee5b9b51fb91,1
88b586d2-558b-4c35-ad33-cc5d0d7565c6,1
873e7932-b4d8-4204-b1a3-fc1fd322bc57,1
8757b2d1-8ff7-42a1-86de-a9e5d63b5103,1
8764beb2-5b7f-4fc7-a2fa-025cd507f215,1
87731054-15e5-4daf-9c31-d52d59d41516,1
87f9b68b-54e1-4a7a-a819-d5f1c8dbaf20,1
8811ffff-2df3-4a86-b5b7-b20e93b8942d,1
88601824-ff30-4b03-b680-011aa8b506aa,1
887afda6-ae6b-4e22-90cc-9b966605eae2,1
88a14e98-c561-4265-b553-e8efe94348c3,1
88e539db-a025-4817-ba1f-30f1d51ef4d1,1
87140e37-3768-45c0-bb5a-371ff799f2cf,1
88e5f19f-1154-4ed6-897e-e349f8a32a02,1
891b959d-1e54-41dc-b96b-802ed90229a6,1
891e1087-b43a-4a18-80ed-d5e4fb97d1ea,1
894bbfc0-0a3d-417c-9c7c-98ad7a57bd47,1
895a227b-0ea4-48b7-b1a5-4f76438071e6,1
895b9955-2bf0-4493-9808-411e7a02cebc,1
89701db0-9538-4427-8d91-aaab7ffd8dfa,1
897d7885-92bf-4c0a-801b-62e2cb85e433,1
898000b3-c09b-4c29-be1f-d418ad765837,1
873a23f5-3a9e-450d-b55d-8f3f85b22dad,1
8712d15b-cf0f-4865-93f2-a40c9be457a9,1
841817d2-2fac-46df-93a4-ad58c8d15283,1
85629927-43b8-41f2-9991-67152a640241,1
842daaaa-314f-4843-ad36-5e7b514ef0bf,1
845055c0-263d-4e2a-8bb5-7e3972e462ab,1
8475b022-e8a7-4a16-81cb-bd30d9f92f8e,1
84a7383b-c545-4380-a84c-474ff62b3bdc,1
84ce6106-7612-48c0-a2ce-22c02788d1b6,1
8518b895-7189-4dc3-8fb5-ebe280adb519,1
85249f0d-b28e-4563-b8da-eb6c42b1f1f1,1
8555e287-2f8d-42e0-83ba-b9f947f52b0a,1
8558b9a8-ae7c-4e0c-b308-28c7f0989704,1
856bc012-0cd8-4d5f-b991-555710b190be,1
8710caa7-846f-4be2-9f5f-9b5c3590cd03,1
856d2867-f0a7-4704-8383-a19c56bb4977,1
858140c4-912f-41c8-b0a8-3a84ba3c7321,1
85930645-d092-47c5-a833-fc9d281f3748,1
85a68aec-e355-4c91-a31f-ae2e3e4479e6,1
85ef9af0-54fe-45ec-ae97-33f06739fb35,1
865215f7-0581-4ee9-b9f8-61e634b257e7,1
867d6ce5-3958-4825-8406-051643215887,1
868026fe-e87e-49c1-a572-885ec764bea1,1
86ad51f8-fbfb-4298-bb40-d36ea32eb297,1
9924d332-84af-4f0c-abff-d582e7488e54,1
9963dd7d-94a0-43a6-ada0-2c7abc9f2f41,1
99b7f1b7-ae6f-4e5a-8cde-3633e35fca1c,1
b0701c59-2488-41bc-87bd-b4a0a66acd28,1
aea95d44-6a74-4d2a-9070-83eda475c438,1
aeefdbb7-143c-4da4-9231-d4b362ce9b36,1
af0bdb8b-6dd6-46f2-ae1f-466759137a59,1
af63679e-14a4-40a5-b6c3-f8a025bf43d9,1
af80cbaf-3654-42a8-9b3d-8db0f2921141,1
afac4688-4dba-40d8-935c-6548c1b85544,1
afc75537-20a9-4768-8702-df83bc3c2893,1
afccf8ce-c585-4813-9e3c-175edf2f4f88,1
afe7b23f-da3f-4db4-8e95-3c65d5cfa67e,1
b0906195-7603-4d97-9609-bc055e1f1710,1
ae45014f-4814-4fd3-8c00-e3dba5c6480f,1
b093ef3e-9f46-4043-9d7d-f7b2be7705eb,1
b0ab84f2-038a-4e58-8e83-f32bb2613e15,1
b0bb4ea3-e075-4a87-9054-dbd8dc7650ec,1
b0d2de07-3502-448a-a212-63e986012042,1
b0e086b4-0810-4c47-8708-324e75e22257,1
b125ea2a-9161-436e-884c-9b52310476dc,1
b157bea6-01c4-40aa-ac4d-08393d3f9c26,1
b15a9f08-78e8-4ca0-821a-651970427321,1
b172c9ac-37d3-4b26-a931-c8b87205b2d2,1
ae7d1187-d95d-44c3-9f65-389d176856b4,1
ae39bbc0-30ad-45fc-99ac-e87af574d564,1
b1cedcc4-6435-42a3-9fb3-c48841c5b2cd,1
abb3aa03-b565-4a96-9913-8c1f3317c0f7,1
aa7626f6-877e-4b68-b512-ac27064ac78e,1
aa992efc-6d68-4054-bfc2-2fdcf21ccbb7,1
aac7c2a7-a2f2-4b57-a4e7-92519fa64510,1
aace2938-91a5-4b1e-a1b6-aea792ee045d,1
aad005c6-cf2c-489e-bdb9-2a14589ead2b,1
ab1213e0-92a3-4925-81b4-b0e7d75d51b9,1
ab53336d-9b2e-40f3-a0e1-75934fcfb9ad,1
ab83be58-dac1-4dd5-af7e-24de46cfe42d,1
ab97db22-23d6-43d8-aab1-ad244b2b3745,1
abf1cdc7-2591-4b10-8456-44270c9e2069,1
ae1b1f06-f5cb-4d26-b792-af2f5891a523,1
ac177412-1f07-4d17-9a92-7cf6b3c3f01c,1
ac4c8a29-0637-4249-9ee0-dd88a08e1956,1
ace5b7e5-8505-4f7a-a16e-549ba066355b,1
ace7da32-a257-42ea-8ec7-315f6dfee53e,1
ad181e95-ddbf-4124-80e5-87b533e1a512,1
ad1e0382-df89-4b9f-9091-49c2b87fc1c5,1
ad8ed31a-d777-4e8d-9039-4f8c98b3e714,1
adbcee36-21ff-4b77-b8cc-9bec2cd1c8de,1
adeb66b7-f246-4a52-b59f-dbc4da7824fc,1
b1869222-8787-47df-8331-58a4cc93da83,1
b207644e-4272-40ab-8063-a21368e6526f,1
99c231e3-62d7-4da1-81d0-b5cad1f91794,1
b80d2c8c-05fa-4beb-97d0-7bdca0b11d6b,1
b65017f5-0798-453c-bfce-fe6ff36cf73e,1
b6502188-a8d7-4c17-ac20-7cdaaf7d2fa0,1
b66784e7-02c8-4019-a82e-eaa16fcad3a5,1
b6894f27-1a6e-4946-bc6f-4a2454089035,1
b6d46c7f-4255-4cf1-9e4f-c012b25d8f21,1
b72a79a2-3326-49a9-8c05-0d864491a16a,1
b7301bc0-a612-491c-8129-0159548a76f3,1
b77d9cca-497f-4a35-8065-808f9538b42b,1
b7b01501-8da4-4135-aed3-89d3c65f1434,1
b856083a-06ea-4744-baa6-9b29f4a5a82a,1
b5bdbd33-6025-4ab5-9243-0714806e8b6c,1
b8a3b564-05bf-4dfe-b6f7-34e964cec289,1
b8a65fed-9ebc-4aa3-b8b1-12efaa10f8ba,1
b8e32ea9-78b2-4bb9-a0da-edd3a3b846a5,1
b9db5f80-01c9-4335-b132-e9f0b826d6b9,1
b9ffcd78-1003-4bcd-afd1-cb01d0b2e16c,1
ba2146af-67bc-4968-8fdd-b73509b907eb,1
ba6c0dd6-3109-48fa-adec-ea8efc3acc56,1
ba7ae73c-ee2e-48b4-9a5d-88c3c872fcdf,1
badd7361-0e82-4037-9696-e30f86bec7a9,1
b5f686d6-ef3d-413e-b0ea-134986948a4f,1
b5900170-8105-42e1-b18a-930a8450c334,1
b23b69ff-c36e-4c5a-9bd5-eab76c919d13,1
b3f08b9f-b033-40e6-8fd5-7d73d8644945,1
b2498762-36c0-4378-ab34-9b2bd4f96b2b,1
b24d99d2-ba9f-4934-a8b9-95c669191358,1
b268ce1e-e4fd-4954-8b4b-31dd7564ecd5,1
b2882d3d-94f9-4aa3-8090-74c572a3b5b1,1
b29ccab9-e9af-4a60-b0f5-32f077d32862,1
b2b6e7d3-6dde-42f6-9e46-2877c6450219,1
b337ba1c-6ff2-4eb3-a652-7e33e23425f1,1
b38585fb-7b2d-4ebd-af0b-50d25ae13220,1
b3d67e3a-3e49-4a78-914f-934f52ef97dd,1
b46cba6a-8cf7-4d84-915d-80c31ea35ab1,1
b5845f19-6d93-4717-ac85-16e8f157729c,1
b49ee15d-6081-46cc-854a-362efa4f570f,1
b4a3028a-e5f3-4379-be49-365bae3201ba,1
b4af0bfe-b486-491e-b798-d17ebf5b7cda,1
b4b77948-721d-48bb-a11e-caad2bbe7e53,1
b4fea538-8266-4b19-b211-5d93c3e6d05b,1
b5026fdc-a0e1-4932-b13b-1d467c761c52,1
b5424b52-6134-4eb0-9a9c-9d2964462d35,1
b5714b14-7511-4fa2-9192-5333758451d7,1
b57943db-d526-47b5-9d96-d30cdb88ca22,1
aa6fd5ed-e3c8-4ca8-b8f0-dd6f565ba81c,1
aa5fb5b3-c8c6-4686-b396-3ab3ea91061a,1
aa4f112a-8e01-41f6-8595-b7a449142190,1
a0d2c39f-2071-47c9-ba08-3150b541d8d4,1
9e09f481-e2ff-44c0-8615-a8bd72f5a4c4,1
9e2871a2-6f4d-4d56-8ff1-028548c20a79,1
9e8312b6-92d6-493f-9e98-ef5be883b701,1
9eadec71-72aa-40f4-a123-11b73bc06798,1
9efa03be-6392-489f-9a9a-8e9a3b1c361d,1
a03c26c7-6147-4b26-b5f7-6699f3cb8b77,1
a04b0e50-0e9d-4a73-98dc-6e72d6a6340e,1
a08f6634-ad17-490f-9259-a54da33d2e0d,1
a0af4e9b-1791-4b08-a330-581836f626d7,1
a17b5b1a-846a-4463-9692-bc3c9904ef58,1
9dc3566a-640b-4201-b75e-b07d36d63d91,1
a1d4eb8b-7642-43f2-8e7c-3e18c554ae2a,1
a1dfcd16-c7ff-4518-b2bd-6ea30dc508b5,1
a1ef6704-bd46-4c5c-8a1c-78fc8076cc9c,1
a1fc203b-4688-41ef-8714-d7c8b8481b9d,1
a22dce77-53ba-43c2-ad87-f72282acfa29,1
a27ed73d-e442-45df-a68e-968b76cc0086,1
a28d9870-8ee6-4b1f-9904-e493a0e33e22,1
a29b422c-fafe-4ff0-a226-db377a365862,1
a2ad154b-8f36-47b0-9e14-3231e023c228,1
9de5bd2a-8e79-4e76-8ef9-af82fc5c057a,1
9d8b8ce0-cc4e-4908-8703-0421130f80fe,1
a9fc3bca-f82c-46b7-9b1a-f5d096631cf3,1
9b9c2a5b-300d-44e3-9745-b4dc36fe147b,1
99f0f918-df93-405e-adbc-92d98b1f4b5a,1
9a095216-3413-45b8-b686-9dbc418bcd05,1
9a4350e3-35d5-408f-8c5f-58617512bc0e,1
9abb3114-18b5-4c2f-9d36-74a62aa2a890,1
9acda9c3-dc42-494b-80dc-c6627317a5dd,1
9af94f1a-ac7e-498a-ac01-7cfbeb170b91,1
9b2348d1-9c89-42cf-8b58-aa2b33473028,1
9b764938-3bc9-4529-86ea-70204df1d97b,1
9b88d8e7-475d-4fed-b8c1-8e7b0576bd8f,1
9be9dd3d-52ca-4e06-92d1-36cf31cd2dbd,1
9d83f2fb-2787-4935-89db-980b498ebd80,1
9c18338e-1bac-4a57-918d-23ff9a090aa6,1
9c4c3c8d-42bf-4335-a6fd-72f52a0b8529,1
9c5ae8de-34e2-4f07-a1a6-cab34c6af97e,1
9c67d67f-fd32-4372-a8cd-39aa17ebdb21,1
9ce098ef-2141-4969-a7bb-01f72dd49017,1
9ce22117-18c8-454c-8287-450c12cd4a1d,1
9cebe032-1379-441b-acaa-78b8a485d80b,1
9cfbc885-863e-4d8a-aed5-a9d65a95a85f,1
9d1964fc-ed14-4ac0-8e7a-d98b05227a40,1
a2d63d62-2e7a-43c7-89d5-3fa638dffed4,1
a31b714d-c1d2-4ceb-baf5-cba3c1c90b14,1
a3481e8e-5a13-41db-8f5d-a8450fd11814,1
a8da1f4f-efce-4739-923b-403454716e99,1
a7a19678-788c-4e55-83cb-0347aab404c6,1
a7a51143-cfc6-4d35-aa59-672c30f572f1,1
a80f61ea-754a-4c35-b110-8db667390543,1
a845a5db-c9c5-474c-b1be-6cf53f411510,1
a8554af5-fe6c-4878-9210-c53140af583a,1
a87a6759-e3fa-4c9a-94c7-73d6a45951c6,1
a87e4d59-2918-437d-9964-24857a9982ad,1
a88971da-62f8-49e9-8a8c-50a922ec0613,1
a8ad535a-0d15-422c-974a-76b229a72ab7,1
a8ebb91e-4891-4942-80a6-33bd24c117a9,1
a3bdc0ee-5ad7-4ad1-846c-c837cb810a7d,1
a9134b40-23fc-4318-921b-07f689997cfb,1
a9187659-95b8-459d-8709-0df918f12878,1
a95b0ba1-f596-4fdd-88ac-ce1f4843e923,1
a967b5fd-ec6c-4955-865c-c1f7bc58611d,1
a973ab99-973d-4923-a591-fb18f03a4920,1
a99d47be-4172-47f5-8ad6-4c25d21d0e65,1
a9cbf650-012e-470a-a4d1-37eeacdb4552,1
a9d76b06-8aa8-4be5-962e-328b38e112b4,1
a9e5025a-80d0-47b4-aab5-ef6c7cce4683,1
a7999653-718b-4f40-9e54-1bc671eebe8c,1
a78abfa8-504a-40b3-abe3-caa23080e8f1,1
a779ff20-536b-4818-a41c-b97199a719d8,1
a7636dcf-fbcd-4ae9-8c31-698b9e5c4253,1
a3c41967-d35a-4a6e-ba06-cc865f97c06a,1
a3ddd5fa-b7a7-4da1-be35-3396dc5c52fb,1
a43e3fae-c169-481a-ad43-121e9ab64fb0,1
a4478b40-0ed1-4c16-a49f-db6b1998e03b,1
a46040ab-489e-4819-8c7f-e999a5a75356,1
a47219ec-dd5a-4671-8511-50b32741d648,1
a4b4eb1c-ce2a-4deb-aa1d-2c07fb2b3faa,1
a4bc7899-95aa-4b58-8fed-19976a466f79,1
a4bf0223-fd34-4c7f-bfdf-7622a890a4db,1
a56bb9d0-e270-4b73-9ef4-42b32a1b8b6e,1
a5d770c7-6837-4c0d-9b64-ebf368d5afb6,1
a5de8af1-af95-4b98-bc23-aa3a359e51a8,1
a5e20676-cb8e-4252-b3d9-177814021b4e,1
a5f54c16-81d6-4bc8-8adc-2bfee6babfcb,1
a6697f53-549a-4e57-8062-8f40d638d7c6,1
a6ec53f0-3057-4cdf-a596-61c1962795bf,1
a7036894-fe17-463b-8e14-139b47da568c,1
a7178281-4bb6-4a3b-bbaf-7133949be4b5,1
a75f6f64-43c5-4406-833d-76419d9ad89b,1
00112d6e-a52c-4fbd-b96b-212a7662c06a,1
